N,L,method,median_seconds,minimum_seconds,maximum_seconds,repeat_0_seconds,repeat_1_seconds,repeat_2_seconds,source_batch,marker_group,cpu,attempt_ids,receipt_sha256,in_main_figure
8,4,ah_block_second,0.07458873931318521,0.07448367401957512,0.07489306200295687,0.07489306200295687,0.07458873931318521,0.07448367401957512,serial_grid_v1_formal,serial,0,00496_formal_N8_L4_ah_block_second_r0;00497_formal_N8_L4_ah_block_second_r1;00500_formal_N8_L4_ah_block_second_r2,2555d844fc237fb6c8be3fc033851acc41d37197704d0ff54eefc3b119eaa17d;8e762123ec3e959465eabd041801c42caad3c4efe1d5bfb408fd8e6371aa0a36;1916ececf3eff4f0d020b7ebf17bc6c2e68e1ed1652642eb1e8063b30b442aca,0
8,4,ordinary_int,0.06132172793149948,0.06004696525633335,0.061331747099757195,0.06132172793149948,0.06004696525633335,0.061331747099757195,serial_grid_v1_formal,serial,0,00495_formal_N8_L4_ordinary_int_r0;00498_formal_N8_L4_ordinary_int_r1;00499_formal_N8_L4_ordinary_int_r2,0dac1bf7b707647e35e9bb69d708f0ec0946ae34c956c6c768a06784ec52b8ab;887a72a294b88b6fd6bde1e3c725f140bfe386a6695f293b5ebaaa7da0fa4669;b9c307302e8e65d65f5425bf077a31b28aa32aeeae0bd90b5b4cd6ca12e89fbd,0
16,4,ah_block_second,0.07774493657052517,0.07725816778838634,0.07799640856683254,0.07725816778838634,0.07774493657052517,0.07799640856683254,serial_grid_v1_formal,serial,0,00628_formal_N16_L4_ah_block_second_r0;00629_formal_N16_L4_ah_block_second_r1;00632_formal_N16_L4_ah_block_second_r2,a0a0cf58a3e5b53892ad590ade8d4c12ff48e379249d9bab71904a1c56ba9e3a;1b594e440eef8e90f42d6dedd314f1c7de7530a505e52a165a6c4997451c6c8b;f9ea437e3363eac3740cc484e7971c7ca2820f217518dc4740d97c236a3855e0,0
16,4,ordinary_int,0.06474144756793976,0.06401523854583502,0.0647821445018053,0.06401523854583502,0.0647821445018053,0.06474144756793976,serial_grid_v1_formal,serial,0,00627_formal_N16_L4_ordinary_int_r0;00630_formal_N16_L4_ordinary_int_r1;00631_formal_N16_L4_ordinary_int_r2,14836917a6f43a25048fae9262937e3891f4806d83af6254635a8001390bea3f;a487834be315511e8abd5c58a3aee70f432fc7906590b952030900908713f39b;aa3831291a067c5b3bd0be4a20fdad5526eb5a74a5bc7fbf703289a0218a2dc7,0
24,4,ah_block_second,0.081566097214818,0.0812556017190218,0.08228409849107265,0.081566097214818,0.0812556017190218,0.08228409849107265,serial_grid_v1_formal,serial,0,00694_formal_N24_L4_ah_block_second_r0;00695_formal_N24_L4_ah_block_second_r1;00698_formal_N24_L4_ah_block_second_r2,672290010b036cc729ee1da7b7c99ca7cfe370a09d708480beab835164d0ec40;4b933e0ffa695fb689fd29f905973f84f3d480816e47713b7d5a37bdff3bf55e;4efb6e13bc2b9b0c5b03cdaf883a4fc212ae39372fc4d3cf26395a94fb55be5d,0
24,4,ordinary_int,0.06901280116289854,0.06854396220296621,0.06961312796920538,0.06901280116289854,0.06961312796920538,0.06854396220296621,serial_grid_v1_formal,serial,0,00693_formal_N24_L4_ordinary_int_r0;00696_formal_N24_L4_ordinary_int_r1;00697_formal_N24_L4_ordinary_int_r2,a78b3a04a613594720e678d0b90fbd5e5f4d54366299f3547f04a8a98849335d;ed8aa090fcf028654c7c3584c3fbe3b3548ddac70f434d99edbf6d84749b7510;9cb0ea1b2d72294480e8b7f86b1af4118e1f2dd878475c6270ef53c9785bc86e,0
32,4,ah_block_second,0.09221444837749004,0.09216097928583622,0.09257873333990574,0.09221444837749004,0.09216097928583622,0.09257873333990574,serial_grid_v1_formal,serial,0,00760_formal_N32_L4_ah_block_second_r0;00761_formal_N32_L4_ah_block_second_r1;00764_formal_N32_L4_ah_block_second_r2,ae91e7aa58cf53c3ebd549217851e880ec8910e83a2f8fa5548585dd5b86c1f4;5cf150d5b717773f20c0a96cbc078744dc549317d00a536c68682c9bc0109bb4;cc68557fc327bdbcd2e9391680146fb90bd0032226680d3a132c3534dfbe11a9,0
32,4,ordinary_int,0.08087494503706694,0.0808328129351139,0.08368583302944899,0.08087494503706694,0.08368583302944899,0.0808328129351139,serial_grid_v1_formal,serial,0,00759_formal_N32_L4_ordinary_int_r0;00762_formal_N32_L4_ordinary_int_r1;00763_formal_N32_L4_ordinary_int_r2,071196ae00d2e3de15e16b13aeef066b47d683289e34f577b3dc1335b84c1920;b697e3c81f3e735f0033c4177a32d4ddadf325e54ed79944444ff03f632992f3;328e4e276293069b91e5ae78c94f89c78f5dc14fe513ad32fd7121050cd6e543,0
36,4,ah_block_second,0.09671449288725853,0.09336515422910452,0.09742244146764278,0.09671449288725853,0.09742244146764278,0.09336515422910452,n36_parallel_v1_formal,additional,6;7;1,N36_L4_ah_block_second_r0_a00;N36_L4_ah_block_second_r1_a00;N36_L4_ah_block_second_r2_a00,c3cbb3abaedf8042f1b43493b38e6eee35e505566804f13844631f9d5a275bf1;f91da006005f63ac56e00d28c2a90e04d41402c75494eb73b7bf56ec05742539;8e0542810f7074a4292f98cc9996a448b63feb48bc718ebdad6a2df6ac482e6d,0
36,4,ordinary_int,0.08578646834939718,0.08161617163568735,0.08631661254912615,0.08578646834939718,0.08631661254912615,0.08161617163568735,n36_parallel_v1_formal,additional,6;7;1,N36_L4_ordinary_int_r0_a00;N36_L4_ordinary_int_r1_a00;N36_L4_ordinary_int_r2_a00,5fa2ce14fafd5683bbe82769596db04588abd7e17dd0de04068a97443e105f9f;6c8057849c0af77baa4ccb5eaf5b987c8093bbaff5f9c70855924b39a5282859;cc03adff7cef9f2c45f332f48e47c479a21a3656b74a4b38cd3cf8faf41b755d,0
48,4,ah_block_second,0.1124795088544488,0.11204116139560938,0.11253241077065468,0.11204116139560938,0.11253241077065468,0.1124795088544488,serial_grid_v1_formal,serial,0,00826_formal_N48_L4_ah_block_second_r0;00827_formal_N48_L4_ah_block_second_r1;00830_formal_N48_L4_ah_block_second_r2,2b3a2ce076ff1f8e20efa3559dcf71255f7c01e56f34aaeb9cbc24faf88e2245;6dd0503297663605652e9cae22508d1415f71ffee1df22ae633e06c6fa7db30f;038e0d4d30af539dece7496cb276fd1008400911d3693667a1be13e9cba59cad,0
48,4,ordinary_int,0.10061701480299234,0.10021083243191242,0.10094975680112839,0.10094975680112839,0.10021083243191242,0.10061701480299234,serial_grid_v1_formal,serial,0,00825_formal_N48_L4_ordinary_int_r0;00828_formal_N48_L4_ordinary_int_r1;00829_formal_N48_L4_ordinary_int_r2,b071ea44acf43e6092faeafc834bac2d35c48476f3c06680faed15dc424e0dea;4aa62db07b31232dc9f589e51f9ccbb60776bc907bcbbae42da30bc451d40940;f5b5e460e0e1adeecf114db495fbb3767ac741db2043e2b81923137f5ca511df,0
64,4,ah_block_second,0.16677754931151867,0.16593893244862556,0.1676429184153676,0.1676429184153676,0.16677754931151867,0.16593893244862556,serial_grid_v1_formal,serial,0,00892_formal_N64_L4_ah_block_second_r0;00893_formal_N64_L4_ah_block_second_r1;00896_formal_N64_L4_ah_block_second_r2,ab8490679219b93125c8013439d747b24242343f189d3ccd99c0e326ad5cbf61;a504ac1878955d60c51edd5d6ee8766c60962ac31594e9f3911686de4a470d5f;a9c50f3a23126a6bd93e788d1b71b95a21ff6807c75e92373d645d75ae752a70,0
64,4,ordinary_int,0.15093923825770617,0.15082091558724642,0.1514190649613738,0.15093923825770617,0.15082091558724642,0.1514190649613738,serial_grid_v1_formal,serial,0,00891_formal_N64_L4_ordinary_int_r0;00894_formal_N64_L4_ordinary_int_r1;00895_formal_N64_L4_ordinary_int_r2,ea275e68575ad43aca55e863489c435eecd6bd394b69ce0fd2b2a225f785ab64;182dd794d794b9be6f37ed8a565940d176938120a82ab5b4de8cf7e00ea7fef3;50df5b714ef2ae4f6af07676b47ff77de1d20ecbca6761516b1d6741f65669f7,0
8,8,ah_block_second,0.07720098178833723,0.07691324595361948,0.07970878761261702,0.07720098178833723,0.07691324595361948,0.07970878761261702,serial_grid_v1_formal,serial,0,00508_formal_N8_L8_ah_block_second_r0;00509_formal_N8_L8_ah_block_second_r1;00512_formal_N8_L8_ah_block_second_r2,a29341ff0a7e081eb06c648289c598d9aec014a75e3cad7b8e77db4e73712e4c;68eeffa8166a709c6507c19d87b1cbd2f8a52a70cc495c4e1edf6d923adef557;14b4f5abca50ab771951371b54365fcfe1c29db99abf66071b4f2c4dc4c183bb,0
8,8,ordinary_int,0.07104793284088373,0.07046636659651995,0.07106415182352066,0.07046636659651995,0.07106415182352066,0.07104793284088373,serial_grid_v1_formal,serial,0,00507_formal_N8_L8_ordinary_int_r0;00510_formal_N8_L8_ordinary_int_r1;00511_formal_N8_L8_ordinary_int_r2,900459df0c5df153f5608993b263fd805ec2a752fcfe98bc7921c400666590fa;3f975fd498fee40aa7e2d93e240e44b494d55054fe83251df2e4c5b51e278237;369ac221863fbde89e24a468f9c43158524972c472cc083e6ec3451138472a35,0
16,8,ah_block_second,0.09078711923211813,0.09047586005181074,0.09123265743255615,0.09078711923211813,0.09123265743255615,0.09047586005181074,serial_grid_v1_formal,serial,0,00640_formal_N16_L8_ah_block_second_r0;00641_formal_N16_L8_ah_block_second_r1;00644_formal_N16_L8_ah_block_second_r2,cbcc336d268d9d492992fd28606d9077d15b18d98e6cd2b3a2bbfc1913a589be;04ee3c24b053bc1e95538d1ce514b8e265ff37de2614ed2a47c110aba77d9fc7;3e53e100bdda97dc06be5c5fee68cda428d3714722ebcd3dd13f6611163b0d03,0
16,8,ordinary_int,0.09069428499788046,0.09039571043103933,0.09099852666258812,0.09069428499788046,0.09039571043103933,0.09099852666258812,serial_grid_v1_formal,serial,0,00639_formal_N16_L8_ordinary_int_r0;00642_formal_N16_L8_ordinary_int_r1;00643_formal_N16_L8_ordinary_int_r2,9350fa0e172ef6a016c71cd258c3bb3fc1d5757c58e36453824b457b41342799;c7f50d8097f8303755f2cbe0bb3b72bec4515a763f98f1e8d4ca47301cec336f;16e34763b77f8a54dbee7cf20a905fda213219e712f61da3869a30fd88263839,0
24,8,ah_block_second,0.10887708235532045,0.10796274337917566,0.10965688433498144,0.10887708235532045,0.10796274337917566,0.10965688433498144,serial_grid_v1_formal,serial,0,00706_formal_N24_L8_ah_block_second_r0;00707_formal_N24_L8_ah_block_second_r1;00710_formal_N24_L8_ah_block_second_r2,e3811533a58232e6a43b85a7c2ed9f7459623032e9d072598aa95058253d4b42;3d05aa8e4e20047f2aa40f8ed172fa5cfc898ef22135c378b544f148ac2cf6f2;e822a7b4095f85c62c86b78940fea4595769c3de75a0caa06d8c55657ddc9dd1,0
24,8,ordinary_int,0.11534547246992588,0.11458378285169601,0.11705836746841669,0.11534547246992588,0.11705836746841669,0.11458378285169601,serial_grid_v1_formal,serial,0,00705_formal_N24_L8_ordinary_int_r0;00708_formal_N24_L8_ordinary_int_r1;00709_formal_N24_L8_ordinary_int_r2,6088bd747f4499d8d42f2ebe1af961d572dfbef1296c21efee2a87db0d564e0e;6a0d8b1148ec9ec35201dab4310b9fffd30b0cc50d3b0090bfe57b1e9339fefd;8789762261127eca057d23a2eab840c38dc75b356e1c1374eb7577cde1629564,0
32,8,ah_block_second,0.14188429899513721,0.14133857935667038,0.1424489924684167,0.1424489924684167,0.14188429899513721,0.14133857935667038,serial_grid_v1_formal,serial,0,00772_formal_N32_L8_ah_block_second_r0;00773_formal_N32_L8_ah_block_second_r1;00776_formal_N32_L8_ah_block_second_r2,b3f98935694fe1a905aa639b771f70cc8739a6c6f072af36d7d15e19861236d2;c2e49b6d14d9816611a127080794940fd9bcb6d4ef674823c9d6fadd2efab87b;2a68849d46d7344e256cf0b3b7a77b808f2e70e1bd3931f0beb916366e8b8c43,0
32,8,ordinary_int,0.1543148858472705,0.15377748664468527,0.15499447286128998,0.15499447286128998,0.1543148858472705,0.15377748664468527,serial_grid_v1_formal,serial,0,00771_formal_N32_L8_ordinary_int_r0;00774_formal_N32_L8_ordinary_int_r1;00775_formal_N32_L8_ordinary_int_r2,23f8f3fb16086d5fb1a044fe62513a90c6944964e0202cda85f10ac56613f5f2;22633071f0630cf248ce7255c4df0d9d8fd3f31c8d29625ff96f8727f1968544;fd85597ff170f5498327756e134af3e6a13688aefa89ea02b5752bbf314811c8,0
36,8,ah_block_second,0.1676841489970684,0.16150971967726946,0.1677839308977127,0.16150971967726946,0.1676841489970684,0.1677839308977127,n36_parallel_v1_formal,additional,1;4;5,N36_L8_ah_block_second_r0_a00;N36_L8_ah_block_second_r1_a00;N36_L8_ah_block_second_r2_a00,50576561851c9c42b02904642e65cba93d65bac324f31a0285930d081cf6346c;b224f79ec0b0de000c90750707344df3f72cd1d984ba730a72f639358eda8b8f;534be4555cc282169276f413e79eeb321778f6d75e691cf4b2f38d255d0d7ab8,0
36,8,ordinary_int,0.18299518153071404,0.1793700698763132,0.18368232157081366,0.1793700698763132,0.18299518153071404,0.18368232157081366,n36_parallel_v1_formal,additional,1;4;5,N36_L8_ordinary_int_r0_a00;N36_L8_ordinary_int_r1_a00;N36_L8_ordinary_int_r2_a00,048dd3dd02e9e1a44b220e3878b70de13298ab9fb18e9ca63b998d4724fdf1b0;8617ca3aad27c65aff2c50d6c969e658156dba3281772a28882772f872d2867c;8dc16d5d703407e14d24948ec236010e88af1c14ec20c66deead40b4c60f6128,0
48,8,ah_block_second,0.26460185553878546,0.26404708810150623,0.264795926399529,0.26404708810150623,0.264795926399529,0.26460185553878546,serial_grid_v1_formal,serial,0,00838_formal_N48_L8_ah_block_second_r0;00839_formal_N48_L8_ah_block_second_r1;00842_formal_N48_L8_ah_block_second_r2,971cbef2a5c284a660f8b1913459ba722fdd9614a702dd78439b0882adedd1ae;69e691ed2df48baf8a82726c96dacf2ca4d47bd2b482fe1cfdaec149641de74d;fe9b0db0f31c10d4be9ed50dc2d19878f6241c92f3e5960185143b6ed525eec9,0
48,8,ordinary_int,0.2844254011288285,0.28349332325160503,0.28464318066835403,0.2844254011288285,0.28349332325160503,0.28464318066835403,serial_grid_v1_formal,serial,0,00837_formal_N48_L8_ordinary_int_r0;00840_formal_N48_L8_ordinary_int_r1;00841_formal_N48_L8_ordinary_int_r2,4df45b68972784de973e538b4c401c729ae6febc4bcbf4900eef3b0e22ac9727;c68995bd317d544f924fcf0b6336d033eb26c1e469704659a43ecc47ad938d89;b6add15fe1b3d2dd90b4da1a8a072939d1bf6086c089bc4dcbe0361decba90e9,0
64,8,ah_block_second,0.530102257616818,0.5298858489841223,0.5314517989754677,0.5298858489841223,0.5314517989754677,0.530102257616818,serial_grid_v1_formal,serial,0,00904_formal_N64_L8_ah_block_second_r0;00905_formal_N64_L8_ah_block_second_r1;00908_formal_N64_L8_ah_block_second_r2,afec2ebbf0e9d08da1dd1db17573fd073ac5e2f90828df886a804a2c238ee745;ddd3589e3a5df9de985bd7e78afb41be8e62293b848af29e44ddd66cea576f4a;616ecf97b79c36d4ea04398d7cab8e605c396f564f6ea7f3ec7096327b2f3b7c,0
64,8,ordinary_int,0.5421032179147005,0.541786284185946,0.5424129478633404,0.5421032179147005,0.541786284185946,0.5424129478633404,serial_grid_v1_formal,serial,0,00903_formal_N64_L8_ordinary_int_r0;00906_formal_N64_L8_ordinary_int_r1;00907_formal_N64_L8_ordinary_int_r2,c6705575568794ba6346cad5efb9c5971aa2834736324e1752e0b8f2a7871926;885937fd31483a10afe07c13d8085232398b9e7d96ea35c78adb7680b57de0c6;adb78f44683e4c4fb94bf469c5e258cc2f872bc98d4f4ebab755d012c6608900,0
8,16,ah_block_second,0.09961805585771799,0.09707977063953876,0.10014411248266697,0.10014411248266697,0.09707977063953876,0.09961805585771799,serial_grid_v1_formal,serial,0,00520_formal_N8_L16_ah_block_second_r0;00521_formal_N8_L16_ah_block_second_r1;00524_formal_N8_L16_ah_block_second_r2,cd66d751674b4ed3086a771d9bc83b654b653f0391a15825848513742a45315d;d698f9967b4a98d3b9ee1518b84063b0f6521dad41406f05159f5319ade7e97f;f25d53d70ea18b7bac4063b216dcf1858cc421dba305a2b03193170fb32ff9f2,1
8,16,ordinary_int,0.1339340889826417,0.1337737636640668,0.13669227343052626,0.13669227343052626,0.1337737636640668,0.1339340889826417,serial_grid_v1_formal,serial,0,00519_formal_N8_L16_ordinary_int_r0;00522_formal_N8_L16_ordinary_int_r1;00523_formal_N8_L16_ordinary_int_r2,a81c5fe7aab1caad975d0ed31028b8ec87313c9b3346c8a20c43c1b056f3ae70;64ab99d255cc657daf9b5b60380b8084496dedbc4cf3066c3a1f69d4689876cc;ef76540e5c364203b925ac2160d8a7454cf77cc019d841b3b13b9d1166c59b01,1
16,16,ah_block_second,0.16488329879939556,0.1647327160462737,0.16536827199161053,0.16536827199161053,0.1647327160462737,0.16488329879939556,serial_grid_v1_formal,serial,0,00652_formal_N16_L16_ah_block_second_r0;00653_formal_N16_L16_ah_block_second_r1;00656_formal_N16_L16_ah_block_second_r2,067fe876e050d39a208e03d072bbb144f78c9df1c4fc10263c75d363cb0cbf17;31659a67b232f84d298819a280e266914eadcc9f5882877833d06faab693a5b4;a1c123f65792cfe5a9079f98aa18066ca892dbc5e0b4814ba25b20fbd5aa42ae,1
16,16,ordinary_int,0.25143043603748083,0.2499288935214281,0.25161133520305157,0.25161133520305157,0.25143043603748083,0.2499288935214281,serial_grid_v1_formal,serial,0,00651_formal_N16_L16_ordinary_int_r0;00654_formal_N16_L16_ordinary_int_r1;00655_formal_N16_L16_ordinary_int_r2,fea1ae12df0f51fcffc47687addcc9a638846bdf5756d753e910170ef4494f76;7d23e0084e1284f0dbe00cd20e6e0cef8841806744204c8a0df2990241a362fa;49a240f23a945242602aadbf67f8f3624e832ba76c212b32e5c07aeead42800a,1
24,16,ah_block_second,0.3265345236286521,0.3253027284517884,0.3268151441588998,0.3265345236286521,0.3253027284517884,0.3268151441588998,serial_grid_v1_formal,serial,0,00718_formal_N24_L16_ah_block_second_r0;00719_formal_N24_L16_ah_block_second_r1;00722_formal_N24_L16_ah_block_second_r2,d15ae4248f6beca9a57a5d30bf4f0cb265b1a6d4af54930a07da389722e98fd2;e312a6efb15ab5011746a666fb960cbbfbdf752f6d3719e7b786f024326faf7c;b8ec8572a2ba5eba4cc626a6d9300cc73751c483780424eb3aa6c8d1e5ab4f0a,1
24,16,ordinary_int,0.453960825689137,0.4527161167934537,0.4545675255358219,0.4527161167934537,0.453960825689137,0.4545675255358219,serial_grid_v1_formal,serial,0,00717_formal_N24_L16_ordinary_int_r0;00720_formal_N24_L16_ordinary_int_r1;00721_formal_N24_L16_ordinary_int_r2,81ee5445739818fb14cb14797fd87158434fa2df8c4d72a968a0ed3833154f08;b78df47546ab9e2c3f5077d9df7248f8b1f11c6c70006e348cde4cc6ae290c01;a961b44108b863b4d48fe1b74a719e7df7e9a0f53e1a8537893f9d6f8a96d60d,1
32,16,ah_block_second,0.6203161599114537,0.6199573185294867,0.6230914238840342,0.6199573185294867,0.6230914238840342,0.6203161599114537,serial_grid_v1_formal,serial,0,00784_formal_N32_L16_ah_block_second_r0;00785_formal_N32_L16_ah_block_second_r1;00788_formal_N32_L16_ah_block_second_r2,4f0a00505355351d1c872ef5ad61f74b37efbabd9947f2f4f879f35a3bbfb28f;d2a01de340f5bebcfdd4492174368365d1f8d7925dcf9fd8b4b900153405ee2d;a9c10675dbefdf56cf76f67dce3f221398909d05570d06caaeec7751cb59a47a,1
32,16,ordinary_int,0.7842291109263897,0.7836954975500703,0.7845787294209003,0.7842291109263897,0.7836954975500703,0.7845787294209003,serial_grid_v1_formal,serial,0,00783_formal_N32_L16_ordinary_int_r0;00786_formal_N32_L16_ordinary_int_r1;00787_formal_N32_L16_ordinary_int_r2,87d049b2d70d5c2ba7e85eb8ee338f8f109d25dc2f5732954809082cbb854fef;f6e08ef557cc9a264dc8bbbbd180c1caedfecaedf9f6d441816126a27278a92a;0d14f32fb2c9edc13019859280ad1f20f916a3af29ee967c306d4c1dfaded962,1
36,16,ah_block_second,0.9537866981700063,0.9492426039651036,0.9655960071831942,0.9537866981700063,0.9492426039651036,0.9655960071831942,n36_parallel_v1_formal,additional,5;6;7,N36_L16_ah_block_second_r0_a00;N36_L16_ah_block_second_r1_a00;N36_L16_ah_block_second_r2_a00,539b968b1caaccd6578ab5b5c076e0d12762b956930e3fab92130406ae2960da;6d9e2d53366dd2672a8b1e94386e6d72b77743c0cb6eba4f65a4cf8f66039309;da0997f627cb43687d00804de7017a38f50b25106e0f0749f6e81c94028a124a,1
36,16,ordinary_int,1.1321240961551666,1.1269937381148338,1.1445254040881991,1.1321240961551666,1.1269937381148338,1.1445254040881991,n36_parallel_v1_formal,additional,5;6;7,N36_L16_ordinary_int_r0_a00;N36_L16_ordinary_int_r1_a00;N36_L16_ordinary_int_r2_a00,135bb2260231c7c4c3ba9cd8163466c22361e6d2853fff8a696f6cdf8647984e;eb04791d424623043e8307160fd7d88325102d7d93e06b4a126084cb262f0873;6350088278bc0986735d4bbf7638408889c024345b75fcf0dca6b4430b66ba12,1
48,16,ah_block_second,1.9429966174066067,1.9237619722262025,1.9553389977663755,1.9553389977663755,1.9429966174066067,1.9237619722262025,serial_grid_v1_formal,serial,0,00850_formal_N48_L16_ah_block_second_r0;00851_formal_N48_L16_ah_block_second_r1;00854_formal_N48_L16_ah_block_second_r2,689644c37da167d7dc2dc5dc869d2329c75598e9df372f72a502f4b09032d134;94dc8c77e2e19285526570be999b5ea22b21c4c7635592af34fd98030924277f;e47a9b1fcdfec6f6f9c329c0757a78e5f269cf886c88dd3a48435a3e949547a3,1
48,16,ordinary_int,2.1126835718750954,2.1110355025157332,2.117233233526349,2.1110355025157332,2.117233233526349,2.1126835718750954,serial_grid_v1_formal,serial,0,00849_formal_N48_L16_ordinary_int_r0;00852_formal_N48_L16_ordinary_int_r1;00853_formal_N48_L16_ordinary_int_r2,63eb9192dfacb87acbb3bddb103d0f2760af475b1f9b47e42265eaa16d64e7bb;5c8cd1eb0ed0e60d8a0dcd64eb3727ae1572caf7ec2960379344d95386a7f3ec;9cd577cfd0c645a70811ca9764f66784cdba28c331f55816736df60428a6d68f,1
64,16,ah_block_second,4.016563049517572,4.015707112848759,4.046215256676078,4.016563049517572,4.046215256676078,4.015707112848759,serial_grid_v1_formal,serial,0,00916_formal_N64_L16_ah_block_second_r0;00917_formal_N64_L16_ah_block_second_r1;00920_formal_N64_L16_ah_block_second_r2,ca705bdfeb457d7093b2d2c88ef7cacd791bcaa0b85a15be335f6e43f3617373;d03d3ac606482fe7ee4850a1715a1d2e6a35a7bb45e82251eb8227978c1ea9dd;ad543458f718ff9a39104c27a32d346cf3ec3c9c36fc0d30a807e49260976015,1
64,16,ordinary_int,4.105481359176338,4.093752392567694,4.168772442266345,4.093752392567694,4.168772442266345,4.105481359176338,serial_grid_v1_formal,serial,0,00915_formal_N64_L16_ordinary_int_r0;00918_formal_N64_L16_ordinary_int_r1;00919_formal_N64_L16_ordinary_int_r2,5c66017402325054c59a65d5e5d9c1a0231cb53d35b76d5bf469875630441cc4;916dcd099bae9dd6f9eb49146429365f5da45f4f008dab0db7635d0cdcfc6e4c;c40cd8f53bbda2550f57d6bd5c7580559627f16e9983329ec23bcc552cacd7d1,1
8,24,ah_block_second,0.1326495250687003,0.13234318606555462,0.13343308493494987,0.13343308493494987,0.1326495250687003,0.13234318606555462,serial_grid_v1_formal,serial,0,00525_formal_N8_L24_ah_block_second_r0;00528_formal_N8_L24_ah_block_second_r1;00529_formal_N8_L24_ah_block_second_r2,ab8c9ac88920f527f26c83438c67be6b48a42a8a5a5019ec4044e9e28be9499c;5e85e08d897f0f822f02d269700acd1004fe3797a26a3b2a2824299767dc2ac3;043472e88020a7daa9b90dfc527345c462700de6d5b8ce78366ec1f99db83ec9,1
8,24,ordinary_int,0.26044904068112373,0.260320876725018,0.26097659580409527,0.26097659580409527,0.26044904068112373,0.260320876725018,serial_grid_v1_formal,serial,0,00526_formal_N8_L24_ordinary_int_r0;00527_formal_N8_L24_ordinary_int_r1;00530_formal_N8_L24_ordinary_int_r2,84760482db2c665f4c5b33f2603e06e06aa77f931ba3bfab989e6f44f7e583dd;204bca31575eacaf0a40de20d761a8532f8d9ed3a7cd02ef2611aa2d0da1774c;aa76c95b9e3e3e723c06918600751a3a574a62ea19a438c37458930541ee44a8,1
16,24,ah_block_second,0.3728228146210313,0.36960017308592796,0.3738124147057533,0.36960017308592796,0.3738124147057533,0.3728228146210313,serial_grid_v1_formal,serial,0,00657_formal_N16_L24_ah_block_second_r0;00660_formal_N16_L24_ah_block_second_r1;00661_formal_N16_L24_ah_block_second_r2,e79de57164c099ac6334f558cc94f303c0526fe17d92af1fd986e1f1bed3eee4;563113000c85a91c1db75f30ec79dd5bf2d3d1b821700212f452cfe2111767c8;187f37131b701d3986fd2b297de6fb82e213646a0eace77b71ca9b762d5331bb,1
16,24,ordinary_int,0.6091030929237604,0.6087702577933669,0.6101874802261591,0.6087702577933669,0.6101874802261591,0.6091030929237604,serial_grid_v1_formal,serial,0,00658_formal_N16_L24_ordinary_int_r0;00659_formal_N16_L24_ordinary_int_r1;00662_formal_N16_L24_ordinary_int_r2,3aee4f1736e1c4aa4fc34d1eaaa7b79a7f3e66c7f2ff05c6d61ced77eabc8f93;97b94870a5a28158115737b32875e5e7b7be628fe95b43a232eb7f0b882e0a86;0f9033f6a43a571e084ac26fabbef68672daff4389fbc1a8d9fa3c07c8c4268c,1
24,24,ah_block_second,1.0676223961636424,1.0610765432938933,1.0760401049628854,1.0760401049628854,1.0676223961636424,1.0610765432938933,serial_grid_v1_formal,serial,0,00723_formal_N24_L24_ah_block_second_r0;00726_formal_N24_L24_ah_block_second_r1;00727_formal_N24_L24_ah_block_second_r2,3fc030b3fe98c5bd506301e30771ee195b9cb7b86b2166d94d30ef3f838da5b8;9d2509a1c22b0e69058ee19b67eb562b80ceec13ea24bba429f69d35aabfb42c;b6eebe2753aaa920e7ed19b36ea13535aad7d6d0d18c94246cc48ade61f6dbc5,1
24,24,ordinary_int,1.4153738236054778,1.4132992243394256,1.4306244784966111,1.4153738236054778,1.4132992243394256,1.4306244784966111,serial_grid_v1_formal,serial,0,00724_formal_N24_L24_ordinary_int_r0;00725_formal_N24_L24_ordinary_int_r1;00728_formal_N24_L24_ordinary_int_r2,2cd94d42910b3514a0c576810e572435eeb1fdba3c28f5cc689fbcd3ac4ee20a;6fee85ba2074d54ded9df2cb56f675a1b0debab2d802aaefdb4529e7aca0da51;6d6cbd1c985516a9d82d88f1f8f11113ffc43796bc93f16ac21924c03ee4ac9c,1
32,24,ah_block_second,2.3555803513154387,2.3543966207653284,2.356334736570716,2.356334736570716,2.3555803513154387,2.3543966207653284,serial_grid_v1_formal,serial,0,00789_formal_N32_L24_ah_block_second_r0;00792_formal_N32_L24_ah_block_second_r1;00793_formal_N32_L24_ah_block_second_r2,6d25ff9471b10d19b2141ee7e99198d16e66f799046b7361d9ce65c7ee5a21f2;44df92f97a1a28de669238c3729bb9193bc5a64795f81327eb9375bd9cc4650d;47ae42f667486c12ccfabe347527383d67674eb1065d4625042db7b4d8afc93b,1
32,24,ordinary_int,2.8108945107087493,2.809210508130491,2.811727564781904,2.811727564781904,2.809210508130491,2.8108945107087493,serial_grid_v1_formal,serial,0,00790_formal_N32_L24_ordinary_int_r0;00791_formal_N32_L24_ordinary_int_r1;00794_formal_N32_L24_ordinary_int_r2,e2cda92ccc8bea351133182a9f0afd6d38a88d57bf32b1db58e1a95669f765d6;d249d2834bd322a0d897af9a3ab41695a8de553f84cf8f3b1537a1b361086209;ed5f2ec7f064213cbc3d4c538db00044fa41fa235ce97d40b886e1f5cdee2c7d,1
36,24,ah_block_second,3.799408605322242,3.6306954752653837,3.849145627580583,3.849145627580583,3.6306954752653837,3.799408605322242,n36_parallel_v1_formal,additional,7;1;4,N36_L24_ah_block_second_r0_a00;N36_L24_ah_block_second_r1_a00;N36_L24_ah_block_second_r2_a00,f20d603de6f1c35db97d016ecacb8df8a47905b11056768f3b2271580552117a;6a9277e1a1953cc32d865aa58d6a7a65f4d6cc3967d29da72d2a3f5616b5291d;ddf5838c53ca942e4c37277a7a11d548dc060dade0e32fcdfce7bb2e9ab9ab97,1
36,24,ordinary_int,4.294769925065339,4.259736962616444,4.358945495449007,4.358945495449007,4.259736962616444,4.294769925065339,n36_parallel_v1_formal,additional,7;1;4,N36_L24_ordinary_int_r0_a00;N36_L24_ordinary_int_r1_a00;N36_L24_ordinary_int_r2_a00,85328f8b37bf67f7a15273d6152d980afc48d7186d5938c45c351155cde9151b;e808cbc3401b7f3e4dc21efb834a7699c53082f4954b927b6dd10b7c71ff7963;72cf065cbe405987a09f0c9013466fa4b4c0a087c709b7fa7855362189291da9,1
48,24,ah_block_second,8.133888377808034,8.131502354517579,8.138663494959474,8.133888377808034,8.138663494959474,8.131502354517579,serial_grid_v1_formal,serial,0,00855_formal_N48_L24_ah_block_second_r0;00858_formal_N48_L24_ah_block_second_r1;00859_formal_N48_L24_ah_block_second_r2,f758098a59fb5c0a5a91a1868ccb459e7dd01ac7024319fe1d468a59bd4382eb;288066719312184bcdbbc47a25f267cac5bd712e6322a10445f860b23b1b2656;c8776c2a649a80aefae61d31de96e8fa23fcd6acdd21402d258da50878e93199,1
48,24,ordinary_int,8.539796711876988,8.535037982277572,8.542081756517291,8.539796711876988,8.542081756517291,8.535037982277572,serial_grid_v1_formal,serial,0,00856_formal_N48_L24_ordinary_int_r0;00857_formal_N48_L24_ordinary_int_r1;00860_formal_N48_L24_ordinary_int_r2,3b5147824848f36da74a43ebff92cd4f3a40f646d942838fc8a731b8bc4e54fc;5cc7564ba0d950062ef741bbaf09fb59d9689775c1e012b44046bda037af0eef;7c85e1747a1150c1ef515eaa06ceeff9acb040fae9739416f7747cd6c7cd117e,1
64,24,ah_block_second,18.411581019870937,18.171827364712954,18.49588753376156,18.49588753376156,18.411581019870937,18.171827364712954,serial_grid_v1_formal,serial,0,00921_formal_N64_L24_ah_block_second_r0;00924_formal_N64_L24_ah_block_second_r1;00925_formal_N64_L24_ah_block_second_r2,94ffaf73430f3adc5da829cdc18d2ab88498fccbfb99710ea1c61638c2a37d89;8d5e6717981305757fb20105652ec349638bb522adf2e75b3b2cd5ecd2a56092;56666cb3a513e0c3db14806d33d6fc6f2fdac67cb3e36a0c2a4b0ef279fadfcc,1
64,24,ordinary_int,18.300343241542578,17.734436351805925,18.33990235067904,18.33990235067904,18.300343241542578,17.734436351805925,serial_grid_v1_formal,serial,0,00922_formal_N64_L24_ordinary_int_r0;00923_formal_N64_L24_ordinary_int_r1;00926_formal_N64_L24_ordinary_int_r2,c94493d66035eedc925329eeb7d3d7756c274896a3dfe2aa717cf21a49eb5bd7;6afb6985dde9f011ee3b044fcf6985e3da51df57e088c624c99f5d2711bdda37;999433bbb9ae30d266c886efdfaef59828d0f71f80ea9b3bbfeab46c31c5c2e3,1
8,32,ah_block_second,0.21125985868275166,0.2107656067237258,0.21273279003798962,0.2107656067237258,0.21273279003798962,0.21125985868275166,serial_grid_v1_formal,serial,0,00532_formal_N8_L32_ah_block_second_r0;00533_formal_N8_L32_ah_block_second_r1;00536_formal_N8_L32_ah_block_second_r2,05147fc9f716d49f089f7303b4e8b240f68750ba4c2984856a5d91013c314af9;28a9373ba89fc4443de91ea76c7a032f61cc7bafa81f0a039e5d2a6562d15eda;fa38477e7507f10d58683220eeca3c4f73f6077c7543d608f5b5db3bcb20b35d,1
8,32,ordinary_int,0.4515166487544775,0.4506772281602025,0.45246736239641905,0.4515166487544775,0.4506772281602025,0.45246736239641905,serial_grid_v1_formal,serial,0,00531_formal_N8_L32_ordinary_int_r0;00534_formal_N8_L32_ordinary_int_r1;00535_formal_N8_L32_ordinary_int_r2,242ff04dcb2a2182c0967707bed7229baaa3f6882feecee6be1c5d420755a462;d0d7c279f10625af129dcfd38c9591775807ac15968d1b85600e3edccd32203a;3da23f5f18b54d25bbfcadcce719f7f1b93fef82bca170ff67f5a9cf0cbfd24a,1
16,32,ah_block_second,0.8997563691809773,0.8942621797323227,0.9017419908195734,0.8997563691809773,0.9017419908195734,0.8942621797323227,serial_grid_v1_formal,serial,0,00664_formal_N16_L32_ah_block_second_r0;00665_formal_N16_L32_ah_block_second_r1;00668_formal_N16_L32_ah_block_second_r2,248e5fe4ce3e8cc6418e9997612cd093bae1923b6278655a1d232604b6cb6f06;34f51813c22933387420b26edf5a4c1923361de7633223c96a06bac63da74493;f80ac7dc292fbd3bc013cc8d14b8e53265595071ced4938da6aae99c2f787542,1
16,32,ordinary_int,1.3240633895620704,1.318311545997858,1.3240863289684057,1.3240863289684057,1.3240633895620704,1.318311545997858,serial_grid_v1_formal,serial,0,00663_formal_N16_L32_ordinary_int_r0;00666_formal_N16_L32_ordinary_int_r1;00667_formal_N16_L32_ordinary_int_r2,fa837b6dbd62b3df6725a7640870c21a46975dac0e768931270a0fab9c16ee64;4838c13b8b8abdc0dee0460c90b20c4158e5aad0ec66b8978dadc7cedf2a38f0;d5a01533336b6a71a05f65536726896a684d323ff64717f82d2292e95c2193ec,1
24,32,ah_block_second,2.9122474240139127,2.9085190379992127,2.9463947424665093,2.9463947424665093,2.9085190379992127,2.9122474240139127,serial_grid_v1_formal,serial,0,00730_formal_N24_L32_ah_block_second_r0;00731_formal_N24_L32_ah_block_second_r1;00734_formal_N24_L32_ah_block_second_r2,71ec5b85f8edb473286783cf505c31a38d70c102457b505107fe6d7e1d264a16;d800c2c9ac558b2376bac1878495d68dcf972dec2038e274b75afe9b0e48fcb0;457277f1ada11ee55def0f8804cc492891faa1340ff10b1d22cd4faf3d9a2c62,1
24,32,ordinary_int,3.49754211679101,3.494106452912092,3.538088548928499,3.538088548928499,3.49754211679101,3.494106452912092,serial_grid_v1_formal,serial,0,00729_formal_N24_L32_ordinary_int_r0;00732_formal_N24_L32_ordinary_int_r1;00733_formal_N24_L32_ordinary_int_r2,6e7b4766b67acea416dbac679f6e7eabfab447b4d839c469c0a2f1323136a991;99e0fb48d3951ba1885d0735c16b1582cd5918098345319b8fd61e5850569baa;be2939afefb7ae177ed1fbb5029e0ac2bcea4c24736fdfe3b9dec82928c492e2,1
32,32,ah_block_second,7.740170673467219,7.738535606302321,7.756176161579788,7.738535606302321,7.756176161579788,7.740170673467219,serial_grid_v1_formal,serial,0,00796_formal_N32_L32_ah_block_second_r0;00797_formal_N32_L32_ah_block_second_r1;00800_formal_N32_L32_ah_block_second_r2,d7a04cc60e683bc82fd8f4bac1768312cae1cb7f76b273a46d13dcb97664fb60;a6b6652e5c929328ce052774b99f73fce7f9ac36603dbb3a8e861bd7e9d2692d;6416456def8fa4d1beeaa59d638cf3be85102dafb2d0ab8a57802ac35b50fb5b,1
32,32,ordinary_int,8.292233483865857,8.282111493870616,8.3688581911847,8.282111493870616,8.3688581911847,8.292233483865857,serial_grid_v1_formal,serial,0,00795_formal_N32_L32_ordinary_int_r0;00798_formal_N32_L32_ordinary_int_r1;00799_formal_N32_L32_ordinary_int_r2,34ef6b029bef85ef8e61bb8114ca23355fc977ad705bd8f0a5a83ef577ccd2aa;7941ac3f0f3d3b9d90a778a85c7351cb994e2b93dffbf2d19c3f4c62775bed6a;6c7f8f951c82e4c07e9c18a1d9c8ba3b5357e546ab0a0e6f601937b7f5b8a758,1
36,32,ah_block_second,11.779333512298763,11.748359376564622,11.895917835645378,11.748359376564622,11.779333512298763,11.895917835645378,n36_parallel_v1_formal,additional,4;5;6,N36_L32_ah_block_second_r0_a00;N36_L32_ah_block_second_r1_a00;N36_L32_ah_block_second_r2_a00,7bce1a414eb11914b27469de09c5a4d625740880a34ba366ea67feb7aeec4098;5fa8dafdd9abbc89daa7d4e650725ace6a94fbae3005dfa7cef4d2c2afea5738;9b47e76c5bd53ee7daccb6f4794839f4f357a0bcdbc1ab18fce48e649c090e96,1
36,32,ordinary_int,12.282338379882276,12.240042285993695,12.295794429257512,12.282338379882276,12.240042285993695,12.295794429257512,n36_parallel_v1_formal,additional,4;5;6,N36_L32_ordinary_int_r0_a00;N36_L32_ordinary_int_r1_a00;N36_L32_ordinary_int_r2_a00,0f0f12e2bbfab2dbb999643a135c69b9f919a4a363634939b28047b94bd7b01a;4b39d623a0fbf7697fde1490fd9aab1eff0e5746c7136ed419beb13ab6695354;74e5910ec1e4d0459459869f623161b3341dec061d865657575e577809948287,1
48,32,ah_block_second,24.51091064233333,24.505524154752493,24.582758273929358,24.51091064233333,24.505524154752493,24.582758273929358,serial_grid_v1_formal,serial,0,00862_formal_N48_L32_ah_block_second_r0;00863_formal_N48_L32_ah_block_second_r1;00866_formal_N48_L32_ah_block_second_r2,f57ca5ce5d4bb07fc202d6886740f78bb2d7a58b98b8a90d7ccad41308faef09;8616af038a5d6d81be64c1e062d5aa0c00ca441683769b735db111fda3054cd4;8ec99560b665abfad40d5a1740b863274c5c81471299246f4b37a38c504e1a5d,1
48,32,ordinary_int,24.586258101277053,24.4904253911227,24.59761345665902,24.59761345665902,24.586258101277053,24.4904253911227,serial_grid_v1_formal,serial,0,00861_formal_N48_L32_ordinary_int_r0;00864_formal_N48_L32_ordinary_int_r1;00865_formal_N48_L32_ordinary_int_r2,218987ff1f693651bd4034c438d41c06414c55e1fc6ff28790c30ee158fce1d1;00b76a4e14d488995df354f95b02fa5c597fc08a2960cf4beb765cd826e9fae1;f54f8b6bedf2affd4f09f28d734fba16e3e8f8f074ecb829829b04a54a95bc52,1
64,32,ah_block_second,54.16174288094044,54.0592346675694,54.23770544864237,54.16174288094044,54.0592346675694,54.23770544864237,serial_grid_v1_formal,serial,0,00928_formal_N64_L32_ah_block_second_r0;00929_formal_N64_L32_ah_block_second_r1;00932_formal_N64_L32_ah_block_second_r2,9c1a4d68c210ccaf63d3e6ec3f5d5c982c14e5d45c35d413d52855f1f8f3f371;dd07e92d685613d9ffc99777479aff499f375bbee91705163b92e4eb0b36f3d6;632612d09c1d53fcad4c28c60881b27c364542857f52b88b9f20711b741cc5af,1
64,32,ordinary_int,51.9701918233186,51.96404542122036,51.99724970199168,51.9701918233186,51.96404542122036,51.99724970199168,serial_grid_v1_formal,serial,0,00927_formal_N64_L32_ordinary_int_r0;00930_formal_N64_L32_ordinary_int_r1;00931_formal_N64_L32_ordinary_int_r2,465fb845230a015735d924fe8c13b4617e5864243801ff812ae6986e7933c43d;55985b1abc3dddb75345effbf97e0c4e366d9c2b55e4e0b5477a7ec62d7b3b98;3d7f162e8bb42616612987e7d3224c07159ca2c0d5ab5bafe7e9dd5e30a8df2a,1
8,48,ah_block_second,0.7240418633446097,0.7217841930687428,0.7266416624188423,0.7266416624188423,0.7240418633446097,0.7217841930687428,serial_grid_v1_formal,serial,0,00537_formal_N8_L48_ah_block_second_r0;00540_formal_N8_L48_ah_block_second_r1;00541_formal_N8_L48_ah_block_second_r2,a6eef9ea3aff7018701b783f284cfd8ebe3fbad7e462bb180eab29c4108b60fe;4b605df896ada7f97605c041b2bf9f315dff50a20f012c5540acc9560562f23b;4805161c806018828278bb41057f0dd642c05e14558a84c05b4bd8dd46a51ecb,1
8,48,ordinary_int,1.4031767752021551,1.402516440488398,1.4033962711691856,1.4033962711691856,1.4031767752021551,1.402516440488398,serial_grid_v1_formal,serial,0,00538_formal_N8_L48_ordinary_int_r0;00539_formal_N8_L48_ordinary_int_r1;00542_formal_N8_L48_ordinary_int_r2,5a255d84bd20c79bd491477082ea4b5629fe1c2ef4f61c2e699a41923f442c07;c1aafa4120b05fab1e5bd7e72d521aba4dcae639a104c8c41a18f962a35614b3;897bc53d6ba6d7960d4490e1fe72ff139fae2181b9d0fe940c7d459f04d7a09d,1
16,48,ah_block_second,7.095445152372122,7.094684639945626,7.130359964445233,7.095445152372122,7.130359964445233,7.094684639945626,serial_grid_v1_formal,serial,0,00669_formal_N16_L48_ah_block_second_r0;00672_formal_N16_L48_ah_block_second_r1;00673_formal_N16_L48_ah_block_second_r2,92567fc6e928cce2298e70bcc773f2487520fa6dc56225239b7bb9f294074d26;8d6b70ace6711ae3f09747164ee13da02a46af9115b68e73dfae6b427fa4e930;06a7d491d829c86d249f3edf427a71fd0cd8dd39faee8a5931c3c8a19fa5cc32,1
16,48,ordinary_int,7.920205131173134,7.899031166918576,7.928205185569823,7.920205131173134,7.928205185569823,7.899031166918576,serial_grid_v1_formal,serial,0,00670_formal_N16_L48_ordinary_int_r0;00671_formal_N16_L48_ordinary_int_r1;00674_formal_N16_L48_ordinary_int_r2,882d4c710d672c569b8e6dd179c687f3228f07800dc8a39d968ac64489634890;60a21386415038940fda2966a3e85e4b40c795766867bf0edf8f9232c4c6f573;02cd4509d08180d9770bbc97264783ba6013857838337126fbc79b9d83facf40,1
24,48,ah_block_second,27.997284028679132,27.883877442218363,28.036377450451255,27.883877442218363,28.036377450451255,27.997284028679132,serial_grid_v1_formal,serial,0,00735_formal_N24_L48_ah_block_second_r0;00738_formal_N24_L48_ah_block_second_r1;00739_formal_N24_L48_ah_block_second_r2,9088a0d336baedc141ad19d3960421e32fab820db6d3b978e081d97588cc0a74;87f12bc2821d551f33052b4c72fc830d39a3902e269a3ed6cf96c343b502eb9e;59dcb3a13a84c59fe9664bf6f90cfc872d9885f1d6e2ead22e96821f02bf4612,1
24,48,ordinary_int,29.0743099572137,29.01213122718036,29.07597974129021,29.0743099572137,29.07597974129021,29.01213122718036,serial_grid_v1_formal,serial,0,00736_formal_N24_L48_ordinary_int_r0;00737_formal_N24_L48_ordinary_int_r1;00740_formal_N24_L48_ordinary_int_r2,4633a3b343525430ce81c433019e10bd80e2bf9966b39533bd47e8e7fa68705a;15d559df1d967a16efaa9b32794e22f94c310168fbb8db2c3aa60064c0e76f66;bceed928e1813aa54ad462631e6a9edb61d45ba8d9d87584a0e48f76051949b6,1
32,48,ah_block_second,38.17511638440192,38.12009452376515,38.31802596151829,38.17511638440192,38.31802596151829,38.12009452376515,serial_grid_v1_formal,serial,0,00801_formal_N32_L48_ah_block_second_r0;00804_formal_N32_L48_ah_block_second_r1;00805_formal_N32_L48_ah_block_second_r2,028d1263fdc4248853f85404cae483de270828a2c90541c667f70248214d34dc;7480d5680ba9bb86481387bbaaa6dcb9c70079f917b0552bfa47478661170bac;f1cecc8954f8656f44a642e416bcc5107271869144334854f341e2549b5193b2,1
32,48,ordinary_int,39.09424510039389,38.886583814397454,39.171890914440155,39.171890914440155,39.09424510039389,38.886583814397454,serial_grid_v1_formal,serial,0,00802_formal_N32_L48_ordinary_int_r0;00803_formal_N32_L48_ordinary_int_r1;00806_formal_N32_L48_ordinary_int_r2,8c59083dabdc058f6ebf9f03e0a37a060008976cd92a693e866ca9e4a82d3e07;75c9263ff5de9df94f92de274bdc2707dbc99e53fb72a52a502bc463982cefd9;9da7704ccfe11a41ee599ba73ef8948bfc0fb611a9d71d7401e6cd9f0dd306aa,1
36,48,ah_block_second,57.994107202626765,56.74039173312485,58.01297012902796,57.994107202626765,58.01297012902796,56.74039173312485,n36_parallel_v1_formal,additional,6;7;1,N36_L48_ah_block_second_r0_a00;N36_L48_ah_block_second_r1_a00;N36_L48_ah_block_second_r2_a00,9cab124879028c06eae467a9758b32db4746853a643cf8d22e82e2dd3fcd628b;9e45fda9daa90dca4ff90cddec4ce16f7ae8263971e2206aac06df7238de923e;53af9a8c2da041e881644660869ed238a7cc07ab895618197c7ac551fefded51,1
36,48,ordinary_int,58.94800633657724,58.416247704066336,59.19852142967284,58.94800633657724,59.19852142967284,58.416247704066336,n36_parallel_v1_formal,additional,6;7;1,N36_L48_ordinary_int_r0_a00;N36_L48_ordinary_int_r1_a00;N36_L48_ordinary_int_r2_a00,d90625b509992b06a548f52413831d672673a42e29cc9e8d491c93a0784b00b8;d593d7d72c2dd3f80ef4ae06d98ea2776ed4a8b416528668a0f2a54c6d6cd39e;8078e53af5979feb9a24634085579f68dc40ca71e3e697a77c93c6d9dea28d12,1
48,48,ah_block_second,126.34752490092069,126.30144416540861,126.45218219328672,126.34752490092069,126.30144416540861,126.45218219328672,serial_grid_v1_formal,serial,0,00867_formal_N48_L48_ah_block_second_r0;00870_formal_N48_L48_ah_block_second_r1;00871_formal_N48_L48_ah_block_second_r2,79e0d94f7fa9234d141070574598d7fb3480998a8af57fc5002cddcbbfefa84c;17c852cbb806a9799676a99ff0dcced38339b51c6d5f201fa20a530e4307250e;af0845e465e3074821e4e974341429839e416bda16bc255c0306f8244215e8ca,1
48,48,ordinary_int,124.7475969241932,124.55109265912324,124.76579906605184,124.55109265912324,124.7475969241932,124.76579906605184,serial_grid_v1_formal,serial,0,00868_formal_N48_L48_ordinary_int_r0;00869_formal_N48_L48_ordinary_int_r1;00872_formal_N48_L48_ordinary_int_r2,6d97f21fd33a717c1741404189e509c77a0f9d1c9bc451e260eed16f4cf69d71;e065408896be8e49fb994c558d6cbce0c057c395e885ab220a86a9de4c28c818;035f2c050d1bfacc2031adb94e98915050368dbc91486837c3ee6d326f7755d8,1
64,48,ah_block_second,266.831912974827,264.86313597206026,266.91478132642806,264.86313597206026,266.831912974827,266.91478132642806,serial_grid_v1_formal,serial,0,00933_formal_N64_L48_ah_block_second_r0;00936_formal_N64_L48_ah_block_second_r1;00937_formal_N64_L48_ah_block_second_r2,cf1df7051e01a6da28b1d3452f3133679b076ec6941b5b875fac65c1f7300b9e;c352dfdd3fe3a1d96dfc8892d7f398af76b9710560288d12f8e01a321a650868;68d96eba7084b548328963f2e390f5576bc2fc17105b8d9a4c041a3a92eb432b,1
64,48,ordinary_int,250.06394947413355,249.82004615478218,250.73817087616771,250.73817087616771,250.06394947413355,249.82004615478218,serial_grid_v1_formal,serial,0,00934_formal_N64_L48_ordinary_int_r0;00935_formal_N64_L48_ordinary_int_r1;00938_formal_N64_L48_ordinary_int_r2,cf8bace43e372d1e125f734bf006001b6e1d48da0a952f18d647212234d30c0e;35de2a80e8e9e38feb333bca627a9deae3395b33eafed4ce6f64c0bddfae671a;ce91d73ff427cd0f6c5c7485539295a29d820b074169c4bd662d3c4e053ab416,1
8,64,ah_block_second,1.7420347817242146,1.7258485592901707,1.7499503968283534,1.7420347817242146,1.7258485592901707,1.7499503968283534,serial_grid_v1_formal,serial,0,00544_formal_N8_L64_ah_block_second_r0;00545_formal_N8_L64_ah_block_second_r1;00548_formal_N8_L64_ah_block_second_r2,841e676763176edb2b54f7ec4808c92ab0210913d0f5e1d5e3d60a24c779a472;fd0cfe46baddd436f840bd21cca7356ea2748d361efa0a2cb8225af861672de2;8cac015a2f7792a5c77fc7715ee3adebcf49e7084b99d6445d2859f18d6f51ed,1
8,64,ordinary_int,3.0300430711358786,3.0267848055809736,3.0331569565460086,3.0267848055809736,3.0300430711358786,3.0331569565460086,serial_grid_v1_formal,serial,0,00543_formal_N8_L64_ordinary_int_r0;00546_formal_N8_L64_ordinary_int_r1;00547_formal_N8_L64_ordinary_int_r2,ac39809c25297e60da8680713b05d98988ada6807592957fb79643686dbdffb3;a65efd06ec5707d3be97065719c98535bc22519f37e567ebe3a0ae5c9b874b6d;8af3b49d97b479eb112eeccb4eef6ef571cf3e8d3490dc639192aef0ff052252,1
16,64,ah_block_second,22.880528858862817,22.60801479406655,23.17575602326542,23.17575602326542,22.880528858862817,22.60801479406655,serial_grid_v1_formal,serial,0,00676_formal_N16_L64_ah_block_second_r0;00677_formal_N16_L64_ah_block_second_r1;00680_formal_N16_L64_ah_block_second_r2,2cd7259b2ca81c3856e8d7cc6e064c94346b439c5e354377efc6168fd84c5487;59132719be09a0ccf5b12ba4743cce3356498f49d7481178b79531d1d20b2780;2078c993d30cf55efa5e65ed5890fa684837e57543fb96dea7eb120606bc5a59,1
16,64,ordinary_int,24.817908755503595,24.53400560375303,24.91597448196262,24.53400560375303,24.91597448196262,24.817908755503595,serial_grid_v1_formal,serial,0,00675_formal_N16_L64_ordinary_int_r0;00678_formal_N16_L64_ordinary_int_r1;00679_formal_N16_L64_ordinary_int_r2,752a242fa9dd01f1c9ea2fdb3df8fbdb887ce56799c36f77ff8ba01144b52bdf;4da3d2f14955ff463058d56f3a15530d66192d0670a106cd168a00a01d62d893;faddf0bdaeabbff1123587cf763f245d7193af8208ff872388c15eb0fe9aebdf,1
24,64,ah_block_second,74.59840261656791,74.18965500686318,74.65667318925261,74.18965500686318,74.59840261656791,74.65667318925261,serial_grid_v1_formal,serial,0,00742_formal_N24_L64_ah_block_second_r0;00743_formal_N24_L64_ah_block_second_r1;00746_formal_N24_L64_ah_block_second_r2,419062e2ad8632ed4bddd5d5cc56d2b4eded6f5cc8a19c1f5ccf8160c38545c0;9a5b5cffd780e560b21db7eb08c5ab6e250795f2d7be47f8574759f0f24765e4;70c8e6b67b8d143a615e5056092e0b8b9ff9dec98a4d97a28960f3ec595272ae,1
24,64,ordinary_int,76.23279483616352,76.06864300556481,76.23511308245361,76.23511308245361,76.06864300556481,76.23279483616352,serial_grid_v1_formal,serial,0,00741_formal_N24_L64_ordinary_int_r0;00744_formal_N24_L64_ordinary_int_r1;00745_formal_N24_L64_ordinary_int_r2,be84cb4548dccf0365e6cc698589c4f219bd3ecb2053f9504ec10826f5bbf850;3d57da28d5e1ec5cafa59a7af9585499294caa83c3a4165e8688b7890bd679d6;b56b7c830e3b498985cea2e1959f1483f8a84df533097e0bcdbe652908fa3da8,1
32,64,ah_block_second,161.43622699659318,161.33967900276184,161.78583652712405,161.33967900276184,161.78583652712405,161.43622699659318,serial_grid_v1_formal,serial,0,00808_formal_N32_L64_ah_block_second_r0;00809_formal_N32_L64_ah_block_second_r1;00812_formal_N32_L64_ah_block_second_r2,e49d4480ab660a269d1732cea5736120825f82de7430c0d0dd10796141e90fe6;b99828294c25dc8b8ba865b105a3db2f3b35ea84f61ab90491412e0a38d63be3;5c28afeff44142723bc09d9c4cfd590db38f941063c895f601cbc16a4c64163e,1
32,64,ordinary_int,161.00095433741808,160.78584240656346,161.89347767550498,160.78584240656346,161.89347767550498,161.00095433741808,serial_grid_v1_formal,serial,0,00807_formal_N32_L64_ordinary_int_r0;00810_formal_N32_L64_ordinary_int_r1;00811_formal_N32_L64_ordinary_int_r2,af25100d1e152daf607c3752dcbbd2b7c7d96a90b0cfa9d5fd3457d5edf98c72;4fabd49cb49733d76564e267c4743629c081d3ff8b428671dde9c0c1397a4735;d5860f684e312bb7377a4bd8901a7e3eabe2b6d1b673dcdaa8fee6c5039c9d9c,1
36,64,ah_block_second,251.2941509662196,249.93695764243603,257.85945665370673,257.85945665370673,249.93695764243603,251.2941509662196,n36_parallel_v1_formal,additional,1;4;5,N36_L64_ah_block_second_r0_a00;N36_L64_ah_block_second_r1_a00;N36_L64_ah_block_second_r2_a00,20b362a6e092dac5b7e302417a27d24733b1d05b9d61a1c4a507aa23e65c7cc2;4ce3016425b868707fab4a85e011e4ddc42f10a2a2ffecfb9e4ce56be2bffe75;f6108f20b492baef7a75a9b280c385288ffe0816cedbd0f5126c5a4bfa505cd3,1
36,64,ordinary_int,250.39688231702894,249.04266064893454,255.53503691963851,255.53503691963851,250.39688231702894,249.04266064893454,n36_parallel_v1_formal,additional,1;4;5,N36_L64_ordinary_int_r0_a00;N36_L64_ordinary_int_r1_a00;N36_L64_ordinary_int_r2_a00,0046ed24efa2ede94ec9d87ccd46a6e94016144a0629c3914a90ea35ba7b435e;c8e173751ddccf85cbb57d074dbbadaa838869565970bbe6a0f40f5e2943889a;d2c0ec99dc5b825143f8329088697c019a1d6a5e455d3cb6eabbf8aa6dff93bf,1
48,64,ah_block_second,547.4785347469151,547.4052687212825,548.674921695143,547.4785347469151,547.4052687212825,548.674921695143,serial_grid_v1_formal,serial,0,00874_formal_N48_L64_ah_block_second_r0;00875_formal_N48_L64_ah_block_second_r1;00878_formal_N48_L64_ah_block_second_r2,e68eded3a851e5327cf00814b4d1ad77308384cc4fe34e5ac181a3ef2adc76d8;b5467d54158ea91bf68ea2b5375828f69201625d5602f9aa7a23bd01530de2b4;e4a03f1d14f7a053831cdc447fa15508ff9ca28be69aa016b9b5e99219fbdb23,1
48,64,ordinary_int,537.4251141827554,536.6222409401089,537.755319468677,536.6222409401089,537.755319468677,537.4251141827554,serial_grid_v1_formal,serial,0,00873_formal_N48_L64_ordinary_int_r0;00876_formal_N48_L64_ordinary_int_r1;00877_formal_N48_L64_ordinary_int_r2,7edca8b82ab7e4a54ba1d2a22e9f8a18130822a1777439155f26aec3f9898127;33777ab440a56bd83976fcc08a5617e114ff0558292d4b47f15168e3d3d63be8;d316f6409f81fa43896b22e5abf8c3245f6654476f0bb6074c6056423950c202,1
64,64,ah_block_second,1234.8025854369625,1233.6505136648193,1235.6461409088224,1233.6505136648193,1235.6461409088224,1234.8025854369625,serial_grid_v1_formal,serial,0,00940_formal_N64_L64_ah_block_second_r0;00941_formal_N64_L64_ah_block_second_r1;00944_formal_N64_L64_ah_block_second_r2,6866b241699e007f1b16e1f0db60435b125347b484ff586325671f968466ef56;7ad6767c1f4fa926331705924fe602f53625f8e65cb33ca19e8e280b7e974324;946f7863eddf956a877ff9ed03d2888dcece21585ce87052adce9747ed70c087,1
64,64,ordinary_int,1192.4130057534203,1191.9745756695047,1192.6767763616517,1191.9745756695047,1192.6767763616517,1192.4130057534203,serial_grid_v1_formal,serial,0,00939_formal_N64_L64_ordinary_int_r0;00942_formal_N64_L64_ordinary_int_r1;00943_formal_N64_L64_ordinary_int_r2,ee1607aeea77cfe9c0b1fed2fac9c49e6c2f43bd2e6f522e60ebf2d8b8ce8309;61ae132dd9ee440aef85f40cc9746a66359bbd85a92573e7d90ec71836d5d136;2468c63f4fed7cc2e9fe26bf005ccda5db2684b54a9897295a4d5308f809f886,1
