N,L,method,median_seconds,minimum_seconds,maximum_seconds,repeat_0_seconds,repeat_1_seconds,repeat_2_seconds,receipt_paths,receipt_sha256s
8,3,ah_new,0.14585174713283777,0.13873359374701977,0.1595302429050207,0.13873359374701977,0.14585174713283777,0.1595302429050207,odd_rank_benchmark_20261006/runs/v1/attempts/N8_L3_ah_new_r0_a00.json;odd_rank_benchmark_20261006/runs/v1/attempts/N8_L3_ah_new_r1_a00.json;odd_rank_benchmark_20261006/runs/v1/attempts/N8_L3_ah_new_r2_a00.json,13222a755e34247991960aa7588875516fa7f7c5d0e9086b3260d6ade61ae29c;284495e45e4973093f399b96ac34f047cfdfa992ca14c0208fadbf775334bfa8;eaa0e632b4f4ff884e13715ae916140f5c8abb482cdcaf64dc5354427280369e
8,3,ordinary_new,0.1372124832123518,0.13424502965062857,0.1372258746996522,0.1372124832123518,0.1372258746996522,0.13424502965062857,odd_rank_benchmark_20261006/runs/v1/attempts/N8_L3_ordinary_new_r0_a00.json;odd_rank_benchmark_20261006/runs/v1/attempts/N8_L3_ordinary_new_r1_a00.json;odd_rank_benchmark_20261006/runs/v1/attempts/N8_L3_ordinary_new_r2_a00.json,0aea654015f7716582d57321176f58895cafa5882b3a8f2b45e8820f2ddefcdb;08239132f3423f781c54a87ac666e1cc643850eb047b17ce23c7ff8bb1856044;fd30aaa5cb9826567a6200752b4d86285a008c5b2d263843da2b61cc99195e13
8,3,fwht,0.08646026998758316,0.08572283666580915,0.09788090456277132,0.09788090456277132,0.08572283666580915,0.08646026998758316,odd_rank_benchmark_20261006/runs/v1/attempts/N8_L3_fwht_r0_a00.json;odd_rank_benchmark_20261006/runs/v1/attempts/N8_L3_fwht_r1_a00.json;odd_rank_benchmark_20261006/runs/v1/attempts/N8_L3_fwht_r2_a00.json,2de37e2698578b8c83e90247626f59286f200c5aa5fb6afc1e9d51fdadf9d296;5cb1fa721b19cf7b661e74962f9a6e926273bfa75b44cdf22f4372bde786b8c7;cef5dbadc25103426a319702b321c0de5a2d8c646102bb4a70b30cee33fd283a
8,3,kronecker_binary,0.0899188406765461,0.08694041520357132,0.12753490544855595,0.12753490544855595,0.0899188406765461,0.08694041520357132,odd_rank_benchmark_20261006/runs/v1/attempts/N8_L3_kronecker_binary_r0_a00.json;odd_rank_benchmark_20261006/runs/v1/attempts/N8_L3_kronecker_binary_r1_a00.json;odd_rank_benchmark_20261006/runs/v1/attempts/N8_L3_kronecker_binary_r2_a00.json,ed8c1cece3eeb81ad92a00d91b096ac01a7464ffe8d763ee8b5321875b1e1eeb;bd3b856c316132217a24b0f0df605ed134c32cdba7cfb2d38cee098d55890ca4;84fa7735f6d8fdab128e352c99b520a013448120476fb253ebdab37ce6b384da
8,4,ah_new,0.14328071288764477,0.14158278051763773,0.1450533578172326,0.1450533578172326,0.14158278051763773,0.14328071288764477,odd_rank_benchmark_20261006/runs/v1/attempts/N8_L4_ah_new_r0_a00.json;odd_rank_benchmark_20261006/runs/v1/attempts/N8_L4_ah_new_r1_a00.json;odd_rank_benchmark_20261006/runs/v1/attempts/N8_L4_ah_new_r2_a00.json,f79b9ce250a358b41a48b4dac6cb91a65b393af66304800cc123d3060c05aa6c;08f870cbe758e0f79152c6c377d1d168abc870fd16d2e4aa2a1e315a56219eb1;896fc002b02d6e4cf419e367b96750d4f991bac32a2cf30eafc2566ce857a6b0
8,4,ordinary_new,0.13379816431552172,0.12582689244300127,0.13596603646874428,0.12582689244300127,0.13379816431552172,0.13596603646874428,odd_rank_benchmark_20261006/runs/v1/attempts/N8_L4_ordinary_new_r0_a00.json;odd_rank_benchmark_20261006/runs/v1/attempts/N8_L4_ordinary_new_r1_a00.json;odd_rank_benchmark_20261006/runs/v1/attempts/N8_L4_ordinary_new_r2_a00.json,054ad6b657abd8746fa5b02db1fa288d957b95479810e8a062b8bd284a3b8b86;23c1fef2e7c2ed61ec3554de7f5d038effd8231199d10a013bf3d8eb2293375f;1d58a76d7fcb05a4fcce3e0b1a51ac752ddf0ce1a7dc4edba8ba38aab8d60f23
8,4,fwht,0.08708184584975243,0.08625645004212856,0.09236082062125206,0.08625645004212856,0.09236082062125206,0.08708184584975243,odd_rank_benchmark_20261006/runs/v1/attempts/N8_L4_fwht_r0_a00.json;odd_rank_benchmark_20261006/runs/v1/attempts/N8_L4_fwht_r1_a00.json;odd_rank_benchmark_20261006/runs/v1/attempts/N8_L4_fwht_r2_a00.json,1f9e9bc40a6b05e5b3ba017ad85ebac905d8c8152720db4739aa21b5f5ac9169;8a2bb41d0306721431706fa0762bd30b36c5601fe57bb8cfe85d9a6b4a9244ea;a51da1042b10e4a03c44539a7af30a76327274ccb79e4d147baba790b1d9f885
8,4,kronecker_binary,0.08764127641916275,0.08692707680165768,0.08789210114628077,0.08692707680165768,0.08764127641916275,0.08789210114628077,odd_rank_benchmark_20261006/runs/v1/attempts/N8_L4_kronecker_binary_r0_a00.json;odd_rank_benchmark_20261006/runs/v1/attempts/N8_L4_kronecker_binary_r1_a00.json;odd_rank_benchmark_20261006/runs/v1/attempts/N8_L4_kronecker_binary_r2_a00.json,8436a0229df12bf88f5ca8050e8bbcda8ee7dd0508040db64bb080c2183af26e;620000562ed3004566bcae6079cc857b505ba7c885f9cb8e7977b59bcbb1ecbf;c80781097d67955ac21d8e23d19c551027f2cae9036f842de0df8b9c303fff15
8,7,ah_new,0.1542642554268241,0.14319146238267422,0.19361607916653156,0.14319146238267422,0.1542642554268241,0.19361607916653156,odd_rank_benchmark_20261006/runs/v1/attempts/N8_L7_ah_new_r0_a00.json;odd_rank_benchmark_20261006/runs/v1/attempts/N8_L7_ah_new_r1_a00.json;odd_rank_benchmark_20261006/runs/v1/attempts/N8_L7_ah_new_r2_a00.json,96b6c2f8679099b67cb9b82057dc36d7fd9832997ca1ee6c65dbe46e030f0c8b;fae44825a86b6aa280574b72480a92a3f6e174ebc6105f6afe23befda987fb50;827c9f4db09dc9119b098ab6d731f417333ab558ad43f3390532a4a33e6f8f1e
8,7,ordinary_new,0.1426812158897519,0.13441788218915462,0.14521626755595207,0.1426812158897519,0.13441788218915462,0.14521626755595207,odd_rank_benchmark_20261006/runs/v1/attempts/N8_L7_ordinary_new_r0_a00.json;odd_rank_benchmark_20261006/runs/v1/attempts/N8_L7_ordinary_new_r1_a00.json;odd_rank_benchmark_20261006/runs/v1/attempts/N8_L7_ordinary_new_r2_a00.json,83e2c3616c5ef11c8b5a7320b2854e5bbf6a7099c835e78c188b563b0f00a329;246fa8b22213898f3cfa30cfca8583308cfcbe3f196f7b0218507002507f541c;280edc0a1211b886e2affecc838707a46cecc996be4fd2321abcbfd0ab059b37
8,7,fwht,0.0865621380507946,0.08624028600752354,0.10986425075680017,0.08624028600752354,0.0865621380507946,0.10986425075680017,odd_rank_benchmark_20261006/runs/v1/attempts/N8_L7_fwht_r0_a00.json;odd_rank_benchmark_20261006/runs/v1/attempts/N8_L7_fwht_r1_a00.json;odd_rank_benchmark_20261006/runs/v1/attempts/N8_L7_fwht_r2_a00.json,f6173da0f2697df3917776a949e7ddb965942ee58d8f427eedc2061b5ccddd02;eb353b3fd5cb297ec9adf68c66b75d2fe439b60ff6ebfa680ac7345f2a7ac6bc;79b131a3219001d31dc49fea1611c84508ab5ec9e42c1f30c1b9356133b36ee0
8,7,kronecker_binary,0.09008446149528027,0.08859305363148451,0.09649690799415112,0.09649690799415112,0.08859305363148451,0.09008446149528027,odd_rank_benchmark_20261006/runs/v1/attempts/N8_L7_kronecker_binary_r0_a00.json;odd_rank_benchmark_20261006/runs/v1/attempts/N8_L7_kronecker_binary_r1_a00.json;odd_rank_benchmark_20261006/runs/v1/attempts/N8_L7_kronecker_binary_r2_a00.json,34bdc6940e6ebf90577975ba34db0773644331d89917725d55e5f94c964af137;e1db81bfdac6e16c59c740b04d48c1241ab757f8cd849deb149fbf06790cf7aa;a3f7de3a8ef92356ed24d96c753eb15e72bd81eb6f71195d0f17cc0eca3861d5
8,8,ah_new,0.1447888594120741,0.14466636069118977,0.15595225896686316,0.1447888594120741,0.15595225896686316,0.14466636069118977,odd_rank_benchmark_20261006/runs/v1/attempts/N8_L8_ah_new_r0_a00.json;odd_rank_benchmark_20261006/runs/v1/attempts/N8_L8_ah_new_r1_a00.json;odd_rank_benchmark_20261006/runs/v1/attempts/N8_L8_ah_new_r2_a00.json,3f77adf69dd15fa27561251d61ee9e05afc247ec065f6fbc15d80c9c37b1d8e0;c31275eaa5f6eff296449650c021cc67c887a9b0d40a04b637f624c5f2bacd56;8c5eb065b55922dbe5f8abb2eb63b7e0654a6c1295af6e703630e0f6b064f130
8,8,ordinary_new,0.1476676156744361,0.137021591886878,0.14985898043960333,0.14985898043960333,0.1476676156744361,0.137021591886878,odd_rank_benchmark_20261006/runs/v1/attempts/N8_L8_ordinary_new_r0_a00.json;odd_rank_benchmark_20261006/runs/v1/attempts/N8_L8_ordinary_new_r1_a00.json;odd_rank_benchmark_20261006/runs/v1/attempts/N8_L8_ordinary_new_r2_a00.json,d9c7ad78714ea1f96ee514e4eda99623f248ae1e50ca1b9488809f64e79afe06;c2c7fb772e1f6f44d46c5a1173a029acd84b409b74eaeb62f024715969c7c22f;d88ae07c616fab4c52885aa31df369dcef40ebb874df7c68d9e3830231e7d83b
8,8,fwht,0.1048023421317339,0.09673688746988773,0.10631147399544716,0.09673688746988773,0.10631147399544716,0.1048023421317339,odd_rank_benchmark_20261006/runs/v1/attempts/N8_L8_fwht_r0_a00.json;odd_rank_benchmark_20261006/runs/v1/attempts/N8_L8_fwht_r1_a00.json;odd_rank_benchmark_20261006/runs/v1/attempts/N8_L8_fwht_r2_a00.json,e24267c7a6c47cafd85d87afabfa2f1cf4f051078c0f9545de589e6556272c34;e235e052b29e4c2361275750505bc7eee78970bd6460a9c03a5fec0d326e2d2a;f38cf084e788d9a75e5934506b309999dcc561fc64a6da337b506d23f10a6826
8,8,kronecker_binary,0.08814622834324837,0.08614136837422848,0.10498476028442383,0.08614136837422848,0.10498476028442383,0.08814622834324837,odd_rank_benchmark_20261006/runs/v1/attempts/N8_L8_kronecker_binary_r0_a00.json;odd_rank_benchmark_20261006/runs/v1/attempts/N8_L8_kronecker_binary_r1_a00.json;odd_rank_benchmark_20261006/runs/v1/attempts/N8_L8_kronecker_binary_r2_a00.json,cc53287ee04720d9a250978babb0e77f6095aeab4e11bdb2a0896e69ccae2643;87d842162d33aeda9c486a02175d28d22b69460c37772fad39a03d6bbc164f9e;5acafa1c2f6c1695c6c4fc372d3e5625978153f9c79eebccba704b0d31b7bef1
8,15,ah_new,0.15722350776195526,0.15604390110820532,0.16249634325504303,0.15604390110820532,0.16249634325504303,0.15722350776195526,odd_rank_benchmark_20261006/runs/v1/attempts/N8_L15_ah_new_r0_a00.json;odd_rank_benchmark_20261006/runs/v1/attempts/N8_L15_ah_new_r1_a00.json;odd_rank_benchmark_20261006/runs/v1/attempts/N8_L15_ah_new_r2_a00.json,fe16e01890d918b5dd99d942dfe142719fe9cb71aa4805a89c4bda011ed0e9c5;3bf947138409ad79417c7d807539980dc622fb8041a28a37c6c4d699d16d12e9;f949608376433cf5a300a85990a566b90cacdd58eaae7d23755a2c4d7fb725fc
8,15,ordinary_new,0.19847279600799084,0.19725669734179974,0.19967764988541603,0.19725669734179974,0.19847279600799084,0.19967764988541603,odd_rank_benchmark_20261006/runs/v1/attempts/N8_L15_ordinary_new_r0_a00.json;odd_rank_benchmark_20261006/runs/v1/attempts/N8_L15_ordinary_new_r1_a00.json;odd_rank_benchmark_20261006/runs/v1/attempts/N8_L15_ordinary_new_r2_a00.json,5c3468973d8a098472eba02398aaf06d01efdac75c6d61f9a89afacbb22b55ba;a4f171f633b3ff94ff700acffdbf19958032ba9a371965e8b5229c52b7ba548a;53014a475e209c3b4a4c944c04eb8bafc4001140db9d10b48b15c3abde230780
8,15,fwht,0.08734756521880627,0.08692143205553293,0.1377946063876152,0.1377946063876152,0.08692143205553293,0.08734756521880627,odd_rank_benchmark_20261006/runs/v1/attempts/N8_L15_fwht_r0_a00.json;odd_rank_benchmark_20261006/runs/v1/attempts/N8_L15_fwht_r1_a00.json;odd_rank_benchmark_20261006/runs/v1/attempts/N8_L15_fwht_r2_a00.json,8cf81c032295146fd95008ac543c2599c27bd217ef7992e2017bd078d9b1cd30;d6121afeb29c8c8c782cf5bc9e766eb79a8e23a7d560b04861ef3cbdf7cec3dc;4cd9ce0676558d904333d8fada02e77e782a5a61db9c7b329f24b2fff0b95e7b
8,15,kronecker_binary,0.09945495147258043,0.0878310976549983,0.10418520774692297,0.0878310976549983,0.10418520774692297,0.09945495147258043,odd_rank_benchmark_20261006/runs/v1/attempts/N8_L15_kronecker_binary_r0_a00.json;odd_rank_benchmark_20261006/runs/v1/attempts/N8_L15_kronecker_binary_r1_a00.json;odd_rank_benchmark_20261006/runs/v1/attempts/N8_L15_kronecker_binary_r2_a00.json,514a4dc3069b102792b9a2b1a3d847150705a65450ecc18e7189f3fca795ecb4;8babd7dbf40c3558a0aed06c76f67b173095915dba4f6ed8f551daefc59770d5;10383aa38ff6364067bfee72d26bdd7013b7c672d10c75f2f75623b5b987306b
8,16,ah_new,0.16713670827448368,0.16393534000962973,0.17709895875304937,0.16393534000962973,0.17709895875304937,0.16713670827448368,odd_rank_benchmark_20261006/runs/v1/attempts/N8_L16_ah_new_r0_a00.json;odd_rank_benchmark_20261006/runs/v1/attempts/N8_L16_ah_new_r1_a00.json;odd_rank_benchmark_20261006/runs/v1/attempts/N8_L16_ah_new_r2_a00.json,55d9111908da31cd7c873e35f971bd42529744fe0e27be6e0aa01bcd3d01f326;033d1d6604da2657ea36f13fe5b603e6b4e8abad633d31756e57d1473593cf44;0783293254b7de0277a9931fbe1f21abd3ff6ff537bdbc47120b61d427051c20
8,16,ordinary_new,0.2091137422248721,0.20885556377470493,0.2305720169097185,0.2305720169097185,0.20885556377470493,0.2091137422248721,odd_rank_benchmark_20261006/runs/v1/attempts/N8_L16_ordinary_new_r0_a00.json;odd_rank_benchmark_20261006/runs/v1/attempts/N8_L16_ordinary_new_r1_a00.json;odd_rank_benchmark_20261006/runs/v1/attempts/N8_L16_ordinary_new_r2_a00.json,6e1d37f87c9d0162f0fc8f7a4f1894d058c76bacce11cff844b4513405d59c1d;fb95fbc405b56ee4a541a2dfe470c3af7160800edd61e81bf29b23e53c4c77e5;e3bc0e3d5e49b9604506dcf4e927fd649ad964da0e197d28078fbb710bb864c1
8,16,fwht,0.08707195147871971,0.08511955570429564,0.0937920669093728,0.08707195147871971,0.08511955570429564,0.0937920669093728,odd_rank_benchmark_20261006/runs/v1/attempts/N8_L16_fwht_r0_a00.json;odd_rank_benchmark_20261006/runs/v1/attempts/N8_L16_fwht_r1_a00.json;odd_rank_benchmark_20261006/runs/v1/attempts/N8_L16_fwht_r2_a00.json,3228d7ffb48d921ff250712a548e69f955226db5de9fc52aa5c3ee97d49696c7;10d62c27967d7ee65a4cdbffc1f31932159291b6f15185f2e56cb4bc13079ada;c1b6e3056b8aaeb1c9197ecfaca64eccad16de0686f1b307ca3a494b1c9136d2
8,16,kronecker_binary,0.10577530413866043,0.08866791427135468,0.11118424497544765,0.10577530413866043,0.11118424497544765,0.08866791427135468,odd_rank_benchmark_20261006/runs/v1/attempts/N8_L16_kronecker_binary_r0_a00.json;odd_rank_benchmark_20261006/runs/v1/attempts/N8_L16_kronecker_binary_r1_a00.json;odd_rank_benchmark_20261006/runs/v1/attempts/N8_L16_kronecker_binary_r2_a00.json,9733208c7b4bc4d3f90eaf6b4127b0867008fc92f8594b2bffb6654a36036fc8;27490596a89f4f301e521a18cdebfd56f5c92a73ea8dd45e46418b53c791e9dd;eaa3466a69d995c79dbaecdc3cfe337702fd28d18a98046d59d0506717cc3b42
8,23,ah_new,0.19869627989828587,0.1981511591002345,0.20576938427984715,0.19869627989828587,0.20576938427984715,0.1981511591002345,odd_rank_benchmark_20261006/runs/v1/attempts/N8_L23_ah_new_r0_a00.json;odd_rank_benchmark_20261006/runs/v1/attempts/N8_L23_ah_new_r1_a00.json;odd_rank_benchmark_20261006/runs/v1/attempts/N8_L23_ah_new_r2_a00.json,c5d13dc5335426f977f970d34b0770e4fdf353c3a066a77f86dee499132a4b9c;8a918a0da1ac01f5e0c3a6d4f7dced7715161b85e9d982a8c5f12e52923d65ba;6b36f3f13e350f38831f03ded035d7cc24cb98641906cbbc2031d04db4a8f4fd
8,23,ordinary_new,0.3982355520129204,0.3849937068298459,0.4000412495806813,0.4000412495806813,0.3982355520129204,0.3849937068298459,odd_rank_benchmark_20261006/runs/v1/attempts/N8_L23_ordinary_new_r0_a00.json;odd_rank_benchmark_20261006/runs/v1/attempts/N8_L23_ordinary_new_r1_a00.json;odd_rank_benchmark_20261006/runs/v1/attempts/N8_L23_ordinary_new_r2_a00.json,af7df2bbc39c4d3c13556995881ad1213ac4c4d57374d357021041aefd7fea90;e0354f73a9c5feaff4fcf87972725b580ae8ff98ec76e787c4b9fa23394624a0;a0f769f8a0f04170fa21208705d12150b071bffaf872ae3615c335456ec326d2
8,23,fwht,0.09034847933799028,0.08796383999288082,0.13503037486225367,0.09034847933799028,0.13503037486225367,0.08796383999288082,odd_rank_benchmark_20261006/runs/v1/attempts/N8_L23_fwht_r0_a00.json;odd_rank_benchmark_20261006/runs/v1/attempts/N8_L23_fwht_r1_a00.json;odd_rank_benchmark_20261006/runs/v1/attempts/N8_L23_fwht_r2_a00.json,7edda6ba2aa390d63345512ff9f11d35d3f0d8bc0da22412c18bd1f15106fb9a;d2046843e65f69b5e60140d9e926b6ded7ea73af94c5713ab80aea5c536a5970;658c889a689d749dae6da966a53f5526f217f897e521244ef717f466ff0f96fd
8,23,kronecker_binary,0.08966015372425318,0.088379992172122,0.09176516439765692,0.09176516439765692,0.088379992172122,0.08966015372425318,odd_rank_benchmark_20261006/runs/v1/attempts/N8_L23_kronecker_binary_r0_a00.json;odd_rank_benchmark_20261006/runs/v1/attempts/N8_L23_kronecker_binary_r1_a00.json;odd_rank_benchmark_20261006/runs/v1/attempts/N8_L23_kronecker_binary_r2_a00.json,c3780cfd7f99122042465d1e63e2bdd13caf7b86974007ac58ca02c52b8e6557;9ed021ead81a54985f75f872ba78f34a09cdab1e9daa7264d85afc38de2d79f1;421ddb3802cdaea51e136d06329c0811cf35782d27b5b3241b2a20827266f6c9
8,24,ah_new,0.21247903164476156,0.20448672026395798,0.2167331501841545,0.2167331501841545,0.21247903164476156,0.20448672026395798,odd_rank_benchmark_20261006/runs/v1/attempts/N8_L24_ah_new_r0_a00.json;odd_rank_benchmark_20261006/runs/v1/attempts/N8_L24_ah_new_r1_a00.json;odd_rank_benchmark_20261006/runs/v1/attempts/N8_L24_ah_new_r2_a00.json,b7f0cfb60140c9e5ce3192430332389b1a801ccf12a1793a753fa2eea4ad0d30;858cee4662315f135d68e1816b264b06f4492fe8f98bd971817b14bbce7cbed6;4fd050b5b4bd9a4a5bb2d827dcc5a4879324589d6262ba662cb6c704ecda7f34
8,24,ordinary_new,0.3421335006132722,0.3360678721219301,0.3471987880766392,0.3360678721219301,0.3421335006132722,0.3471987880766392,odd_rank_benchmark_20261006/runs/v1/attempts/N8_L24_ordinary_new_r0_a00.json;odd_rank_benchmark_20261006/runs/v1/attempts/N8_L24_ordinary_new_r1_a00.json;odd_rank_benchmark_20261006/runs/v1/attempts/N8_L24_ordinary_new_r2_a00.json,2076275b20b04ac7aeb1a90438b1e52960258e6119f0eb7408e8182a96724614;4aa327ee36c20091d1879feb5c05aa10c31a4d36193c6fadcdc03da0e1308054;e31dd0485f1e77c618273dc8f06763c636c69a5bca122c0721dad501d2c334f6
8,24,fwht,0.09082390647381544,0.08879293780773878,0.09892882686108351,0.08879293780773878,0.09082390647381544,0.09892882686108351,odd_rank_benchmark_20261006/runs/v1/attempts/N8_L24_fwht_r0_a00.json;odd_rank_benchmark_20261006/runs/v1/attempts/N8_L24_fwht_r1_a00.json;odd_rank_benchmark_20261006/runs/v1/attempts/N8_L24_fwht_r2_a00.json,803ccdf66ccc0b3efc0964f52bf3a8003fd2280b6f5e47c761517541f0394f2a;9e371bfbc609ce1d33330bf0e26002bc2f88ad1e5d2a5048be5dd67cca23244a;d5cd096a13c2b5a4317c77d89ceb1f0646177d7e982ae2cdfb410341bb9b066e
8,24,kronecker_binary,0.08845712430775166,0.08790156338363886,0.0891153933480382,0.08790156338363886,0.08845712430775166,0.0891153933480382,odd_rank_benchmark_20261006/runs/v1/attempts/N8_L24_kronecker_binary_r0_a00.json;odd_rank_benchmark_20261006/runs/v1/attempts/N8_L24_kronecker_binary_r1_a00.json;odd_rank_benchmark_20261006/runs/v1/attempts/N8_L24_kronecker_binary_r2_a00.json,59c1ec0e8a265ead2201408aa86b5e77c2001530b5c809c0c9f3d7f0850c1664;531dccf6d506ae93150a970c17f76c3775d8aaa0faf77c20e6acc77b57b4fce5;3fa3d4c6bdc680060e03e7828404aecb678638208f52fde97b25bb10aebe9d92
8,31,ah_new,0.2788169691339135,0.27431204821914434,0.2962257210165262,0.27431204821914434,0.2788169691339135,0.2962257210165262,odd_rank_benchmark_20261006/runs/v1/attempts/N8_L31_ah_new_r0_a00.json;odd_rank_benchmark_20261006/runs/v1/attempts/N8_L31_ah_new_r1_a00.json;odd_rank_benchmark_20261006/runs/v1/attempts/N8_L31_ah_new_r2_a00.json,4cf80088412d7bbc6535f89bd967019ff4ff82db5aee258cd93d9b2f6cd8bce0;a2e515f44ef1327963d27d7246fce08f9c5022ed15b2f1b54276c7c5ebea1176;18be57990bce00542c8d433478556943a782fb69a873d60b5ebf8510401895ef
8,31,ordinary_new,0.6729336399585009,0.6637178333476186,0.6894484460353851,0.6894484460353851,0.6729336399585009,0.6637178333476186,odd_rank_benchmark_20261006/runs/v1/attempts/N8_L31_ordinary_new_r0_a00.json;odd_rank_benchmark_20261006/runs/v1/attempts/N8_L31_ordinary_new_r1_a00.json;odd_rank_benchmark_20261006/runs/v1/attempts/N8_L31_ordinary_new_r2_a00.json,fd03e33bc5d91925373971b89e3ebe9e884ac60e57bf637b6f97d657788fa117;476f51071cac0d10186a9c848740c845bb65c349ead11e98051e159f555c5d9e;981648fe52ff4866bf707e44619eb92b9f0857bd72bb3466e8a41e5265bd203a
8,31,fwht,0.0954288924112916,0.08630603086203337,0.10637517087161541,0.10637517087161541,0.08630603086203337,0.0954288924112916,odd_rank_benchmark_20261006/runs/v1/attempts/N8_L31_fwht_r0_a00.json;odd_rank_benchmark_20261006/runs/v1/attempts/N8_L31_fwht_r1_a00.json;odd_rank_benchmark_20261006/runs/v1/attempts/N8_L31_fwht_r2_a00.json,aaafa657971511c6e180d17e6a0447e0c7a52557f462ed703491d78992c8c8a1;08d3a8ea94c5eb5888976823511ef921616de3be68969d26d0eec05be1b7fc84;9158d28d2de14ced272f6f9fe1bcd122c4a067cac5ccb88bb0fe56875b14a987
8,31,kronecker_binary,0.08875921461731195,0.08811359852552414,0.11476060841232538,0.11476060841232538,0.08875921461731195,0.08811359852552414,odd_rank_benchmark_20261006/runs/v1/attempts/N8_L31_kronecker_binary_r0_a00.json;odd_rank_benchmark_20261006/runs/v1/attempts/N8_L31_kronecker_binary_r1_a00.json;odd_rank_benchmark_20261006/runs/v1/attempts/N8_L31_kronecker_binary_r2_a00.json,0165529d478aba4fa27e85cb82be5f58d0dc3d8fcc5e0db893f62a8d641c9ab3;264e57b28cd6d7ed7c7a9c55f79e22fd1fa0976b27b255d1edc024c533bf0ac8;9a1ed9e5ce936f502b87bda2b62a27a2107bee42fdf129cb48a86bd33904ab67
8,32,ah_new,0.2972123837098479,0.28853896353393793,0.31234895065426826,0.2972123837098479,0.28853896353393793,0.31234895065426826,odd_rank_benchmark_20261006/runs/v1/attempts/N8_L32_ah_new_r0_a00.json;odd_rank_benchmark_20261006/runs/v1/attempts/N8_L32_ah_new_r1_a00.json;odd_rank_benchmark_20261006/runs/v1/attempts/N8_L32_ah_new_r2_a00.json,248976558451d88c4d8424a5657294a2c6f8831440d88ad59450b4b59b840601;2130dbe956509d89f6ac4d1d926fb145025cc722feb9da88446a4f00f9e31043;3dc27825ac44f9d242021187ae2747feae1036b1ac9a5b5e78e3f2f5accefec3
8,32,ordinary_new,0.5405807681381702,0.5398102831095457,0.5440694307908416,0.5405807681381702,0.5440694307908416,0.5398102831095457,odd_rank_benchmark_20261006/runs/v1/attempts/N8_L32_ordinary_new_r0_a00.json;odd_rank_benchmark_20261006/runs/v1/attempts/N8_L32_ordinary_new_r1_a00.json;odd_rank_benchmark_20261006/runs/v1/attempts/N8_L32_ordinary_new_r2_a00.json,1a3745099dfa313f74d9ff2f036f6947dfa676466e1b01cca9f80bea46f41908;608559decfa0b74e1baf4674a96bdbfc25bdf497268f40552edad05d7e2b7b0d;e12b58c6e5e370d69a4a487bfb5e12a1e265dfe190c0e434d18b992913d39711
8,32,fwht,0.0876649022102356,0.08666310086846352,0.08818796277046204,0.0876649022102356,0.08666310086846352,0.08818796277046204,odd_rank_benchmark_20261006/runs/v1/attempts/N8_L32_fwht_r0_a00.json;odd_rank_benchmark_20261006/runs/v1/attempts/N8_L32_fwht_r1_a00.json;odd_rank_benchmark_20261006/runs/v1/attempts/N8_L32_fwht_r2_a00.json,7f0ce5fc8955b1618f6a188a1f5d26e30038846535cef3706f9e87bb63caa250;ad984e3f41ec1d8ddad7b0c57e6a530ec9c40d95c07e75ae12e3828d5cea54d9;2e51d7fdecd29cfb60525daef41477df6e2740ee379a3287e160e90f06f8c7fa
8,32,kronecker_binary,0.09603782743215561,0.09509751666337252,0.11017467081546783,0.09509751666337252,0.09603782743215561,0.11017467081546783,odd_rank_benchmark_20261006/runs/v1/attempts/N8_L32_kronecker_binary_r0_a00.json;odd_rank_benchmark_20261006/runs/v1/attempts/N8_L32_kronecker_binary_r1_a00.json;odd_rank_benchmark_20261006/runs/v1/attempts/N8_L32_kronecker_binary_r2_a00.json,67b232e0acdf5ee41d7a83c4c4ba281427b7924746c596019f4134d6d3ba8b18;ab70c4655d1ed46acb61f1fef433389a37d99c484fed1d4f3eb11d83aa1d2b61;9985ed0381bb6f1b612007dab7dc4b6c34eee7d301aff00c72f7853277e648ac
16,3,ah_new,0.14315152633935213,0.14131520222872496,0.14418920036405325,0.14418920036405325,0.14315152633935213,0.14131520222872496,odd_rank_benchmark_20261006/runs/v1/attempts/N16_L3_ah_new_r0_a00.json;odd_rank_benchmark_20261006/runs/v1/attempts/N16_L3_ah_new_r1_a00.json;odd_rank_benchmark_20261006/runs/v1/attempts/N16_L3_ah_new_r2_a00.json,0e6ca7d5ba86678c92e4bfae3bfe414418a805e8335a3bc62d2af0065ea06d4a;1271a8185e45caaa10ee4421f74d2c7a6461ab2be4e9836bf5899bbe7457f5d9;b25ce7a75af66baec7dbc9e7f7f7ccd4dd99d08857d03da90d0d04a8fac6f1ab
16,3,ordinary_new,0.1285243146121502,0.12748265266418457,0.12903179414570332,0.12903179414570332,0.12748265266418457,0.1285243146121502,odd_rank_benchmark_20261006/runs/v1/attempts/N16_L3_ordinary_new_r0_a00.json;odd_rank_benchmark_20261006/runs/v1/attempts/N16_L3_ordinary_new_r1_a00.json;odd_rank_benchmark_20261006/runs/v1/attempts/N16_L3_ordinary_new_r2_a00.json,e84aaacb8e3c9be336f00e0ff68da50eec0fe572414b3500b8f8e474c35a73e0;b9e2caf796b38df8ebfd0f501b5dc3b63c107ce9193e29f009320b10be74753e;44e8ec0e162d38f38aa6d3989801cb24573a240894a499dc85c72887ae0a9c36
16,3,fwht,0.1918188687413931,0.18637182284146547,0.21783233247697353,0.21783233247697353,0.1918188687413931,0.18637182284146547,odd_rank_benchmark_20261006/runs/v1/attempts/N16_L3_fwht_r0_a00.json;odd_rank_benchmark_20261006/runs/v1/attempts/N16_L3_fwht_r1_a00.json;odd_rank_benchmark_20261006/runs/v1/attempts/N16_L3_fwht_r2_a00.json,8dcde0eea767f3b5ec36fed9475940207fa58b60d2e5b0be17cbbd7b6cab20b8;f52054ca1603bd5b416468bfeaa31c1d38224b66d4ffbe1580023ca2a81e0b92;934d41c5259c13ece2232764441efd2459d4d62fe4f1d776ca1c053778dce7a4
16,3,kronecker_binary,1.5094827329739928,1.5076165609061718,1.5384517088532448,1.5076165609061718,1.5384517088532448,1.5094827329739928,odd_rank_benchmark_20261006/runs/v1/attempts/N16_L3_kronecker_binary_r0_a00.json;odd_rank_benchmark_20261006/runs/v1/attempts/N16_L3_kronecker_binary_r1_a00.json;odd_rank_benchmark_20261006/runs/v1/attempts/N16_L3_kronecker_binary_r2_a00.json,37b76799af9283e4fa9eb61672597fdfc9118841bcd18fb18c36461f6f5008b6;b622d65aef16f7232b3bad6bb7eca1fd2b9d36996b8cc2eb1f3dd3333296579f;265c184ce29f3790f186b20acbe76d6ccf7909e763a54ff3c3de2a6c6c5e8424
16,4,ah_new,0.14422195684164762,0.14267420582473278,0.14439395535737276,0.14439395535737276,0.14267420582473278,0.14422195684164762,odd_rank_benchmark_20261006/runs/v1/attempts/N16_L4_ah_new_r0_a00.json;odd_rank_benchmark_20261006/runs/v1/attempts/N16_L4_ah_new_r1_a00.json;odd_rank_benchmark_20261006/runs/v1/attempts/N16_L4_ah_new_r2_a00.json,d8d48bb0b54ca2e5c1d53dda5fab0e7e67b430070a0389f89d7b2eb186ce0358;117b915b44030f3beaecbfe3f50617064f082ad853e71ef78f26cd562a7e1aba;c159127b39600bb7ec1642346aedb6b163d8d8f9e9696654c1490b9700cf8577
16,4,ordinary_new,0.12941042333841324,0.12935772817581892,0.13195070158690214,0.12941042333841324,0.12935772817581892,0.13195070158690214,odd_rank_benchmark_20261006/runs/v1/attempts/N16_L4_ordinary_new_r0_a00.json;odd_rank_benchmark_20261006/runs/v1/attempts/N16_L4_ordinary_new_r1_a00.json;odd_rank_benchmark_20261006/runs/v1/attempts/N16_L4_ordinary_new_r2_a00.json,4d38a732afeaef6c6b90d83bc757145b391de67f98bfc772f6024049df9e37b2;f77dc787a383d59941c76a496b3905fa9b9f162a7af0247f7d32616355ab0789;e82620cf754c24ae0a246339b743ed997fb45a968301598d245897861d3b82fd
16,4,fwht,0.22673673275858164,0.223161525093019,0.228362325578928,0.223161525093019,0.22673673275858164,0.228362325578928,odd_rank_benchmark_20261006/runs/v1/attempts/N16_L4_fwht_r0_a00.json;odd_rank_benchmark_20261006/runs/v1/attempts/N16_L4_fwht_r1_a00.json;odd_rank_benchmark_20261006/runs/v1/attempts/N16_L4_fwht_r2_a00.json,2f6cc2c5a18d1f2b11f52544bab01ea8c27327918459239e8dbf196774f09bb2;7890a009fb4b317279f95f5e0515b1def950bfaaed8954a2c4ea63b429ecedf2;b6b57ce6a8de4f198c435d3ca0b1501463dd8afbf84e02c9341414c487c2a7af
16,4,kronecker_binary,1.4885352235287428,1.48294866271317,1.4906241726130247,1.4906241726130247,1.4885352235287428,1.48294866271317,odd_rank_benchmark_20261006/runs/v1/attempts/N16_L4_kronecker_binary_r0_a00.json;odd_rank_benchmark_20261006/runs/v1/attempts/N16_L4_kronecker_binary_r1_a00.json;odd_rank_benchmark_20261006/runs/v1/attempts/N16_L4_kronecker_binary_r2_a00.json,e765faa413895afacb6048aad92f55b30d21c44aa8801c4df89ef6746b0204f8;045df150007821cdcbf3110d806a4e1e060ced42573185680295f8fe575cb9ba;85c94280b01cc427e03ec2212c1a22f3114292a48b698f413a4693acdace7fc1
16,7,ah_new,0.16116172540932894,0.15146107785403728,0.16853948403149843,0.15146107785403728,0.16853948403149843,0.16116172540932894,odd_rank_benchmark_20261006/runs/v1/attempts/N16_L7_ah_new_r0_a00.json;odd_rank_benchmark_20261006/runs/v1/attempts/N16_L7_ah_new_r1_a00.json;odd_rank_benchmark_20261006/runs/v1/attempts/N16_L7_ah_new_r2_a00.json,aab608c34ef1d38c23def026b7b2a57b5060faac42ae7a582b96c2ed722678cc;93b8a5d986b18ef8cd261bd21f17eea7d21710f60e21d6fec70c834b4348a0c4;072de4b9a7d3692d29abdd4245c5a081862a3b649cb9a689f7946458bbd7540c
16,7,ordinary_new,0.15018760412931442,0.14921638648957014,0.17042140197008848,0.15018760412931442,0.14921638648957014,0.17042140197008848,odd_rank_benchmark_20261006/runs/v1/attempts/N16_L7_ordinary_new_r0_a00.json;odd_rank_benchmark_20261006/runs/v1/attempts/N16_L7_ordinary_new_r1_a00.json;odd_rank_benchmark_20261006/runs/v1/attempts/N16_L7_ordinary_new_r2_a00.json,8fef0129bb069752e2f15091bff673ec40fad3d3e556006d6036d85a58b79bc3;e72a687eef7378692912b14bcc59384d285705dcf2d2ccf92083facf01772ec8;bf1b54e719c5179a4ccc0e104ece15df903ba9fd54f8b0a12b344b9c6ec4d373
16,7,fwht,0.3699297411367297,0.3628688445314765,0.3755482891574502,0.3755482891574502,0.3628688445314765,0.3699297411367297,odd_rank_benchmark_20261006/runs/v1/attempts/N16_L7_fwht_r0_a00.json;odd_rank_benchmark_20261006/runs/v1/attempts/N16_L7_fwht_r1_a00.json;odd_rank_benchmark_20261006/runs/v1/attempts/N16_L7_fwht_r2_a00.json,475bf7a03d53c994d69c022fb5188e5a6218d6cda64e45744c4a00b50d4ab4d3;2b74f716017172a3e6a15d2ab4f31eecb8a6ffcd3da0740181ae3d5f67b1a452;b467939942b24675d1efb71952120ed2e13ff3a1b6e765384171ede4d9a4774f
16,7,kronecker_binary,2.137440144084394,2.1365704340860248,2.1468291264027357,2.1468291264027357,2.137440144084394,2.1365704340860248,odd_rank_benchmark_20261006/runs/v1/attempts/N16_L7_kronecker_binary_r0_a00.json;odd_rank_benchmark_20261006/runs/v1/attempts/N16_L7_kronecker_binary_r1_a00.json;odd_rank_benchmark_20261006/runs/v1/attempts/N16_L7_kronecker_binary_r2_a00.json,30c6a9c4c1dd8a647afd0b9850908201461f968ac4fc4840f6ccdc036595b91a;4edd2fde3c5ff978d816add1c2397e7ab984d9812d63f0548df9e4561d50defa;bbb8ca5a6a7016f44801bde76ebbce80127bc40f5e139e45508e3b9379fed146
16,8,ah_new,0.16411853954195976,0.16223785001784563,0.18843630142509937,0.16223785001784563,0.18843630142509937,0.16411853954195976,odd_rank_benchmark_20261006/runs/v1/attempts/N16_L8_ah_new_r0_a00.json;odd_rank_benchmark_20261006/runs/v1/attempts/N16_L8_ah_new_r1_a00.json;odd_rank_benchmark_20261006/runs/v1/attempts/N16_L8_ah_new_r2_a00.json,953cc659c4d4200d317c2d000b06904fdb1c4830c7f3cf70ff56e3851c8c25cb;c1ddeb978f4d115587e1fd64cef175ec1f6240b4b49fe2c06579b273968735fb;98301bb44cab4005d0e745f85daf5fd2b389f4f25439f3f42b5d8810eb4fe2df
16,8,ordinary_new,0.16830697376281023,0.1657190779224038,0.18619469739496708,0.1657190779224038,0.16830697376281023,0.18619469739496708,odd_rank_benchmark_20261006/runs/v1/attempts/N16_L8_ordinary_new_r0_a00.json;odd_rank_benchmark_20261006/runs/v1/attempts/N16_L8_ordinary_new_r1_a00.json;odd_rank_benchmark_20261006/runs/v1/attempts/N16_L8_ordinary_new_r2_a00.json,3f6dec5edb795a06f15a2bb3bd0d031cabfa629328d5c5fa5db858775a7f9244;8b6e2de6c6f81889df3b08f527099bb1b29703eaccc73d6ed7dd9bca9c03383f;828815d3e5b17c66f92538ca4cae05c1616f9a8c14f823d1adcd1024b25de41c
16,8,fwht,0.4176575094461441,0.4159265300258994,0.4196625351905823,0.4159265300258994,0.4176575094461441,0.4196625351905823,odd_rank_benchmark_20261006/runs/v1/attempts/N16_L8_fwht_r0_a00.json;odd_rank_benchmark_20261006/runs/v1/attempts/N16_L8_fwht_r1_a00.json;odd_rank_benchmark_20261006/runs/v1/attempts/N16_L8_fwht_r2_a00.json,b1144713a45d9216e8cded782c11eac30ff0299fd677818ed67fc25a911899f2;f449277e77dfb9326b61909b3c444c603fc07e79c01ec88c01889d851cb14957;52e03933b7b5a4ce8cb1bdd42d763ab44c9433f4fac8d4add276ad91ddf8e1a9
16,8,kronecker_binary,1.8366167079657316,1.83637285977602,1.849553824402392,1.849553824402392,1.83637285977602,1.8366167079657316,odd_rank_benchmark_20261006/runs/v1/attempts/N16_L8_kronecker_binary_r0_a00.json;odd_rank_benchmark_20261006/runs/v1/attempts/N16_L8_kronecker_binary_r1_a00.json;odd_rank_benchmark_20261006/runs/v1/attempts/N16_L8_kronecker_binary_r2_a00.json,0078bab0b707c82938ce366b7627d1025bff448c18d8b97be612c24ac2ca19a0;bdbecc3a5fb12ba5dc2b21d87572dab74b09b3935b544b97bea9ded75c25cbb6;5bfd3b05fda2006aa26d5fd2f4229d1391c6e00bf01423afe62d5d34d8472d07
16,15,ah_new,0.217227254062891,0.21476668491959572,0.21828872058540583,0.217227254062891,0.21828872058540583,0.21476668491959572,odd_rank_benchmark_20261006/runs/v1/attempts/N16_L15_ah_new_r0_a00.json;odd_rank_benchmark_20261006/runs/v1/attempts/N16_L15_ah_new_r1_a00.json;odd_rank_benchmark_20261006/runs/v1/attempts/N16_L15_ah_new_r2_a00.json,07348a3cff08ed68579921f613c14a14a74323e02e79bbaec03af8f78fb9ddd0;fbb9cc65092e08773338621b268ab2d99406bf2cfb145758f4e8a8a30139a471;2564049474b1e3daa2adb3a1fec011f6f2ba500b889d0c367adf886cad61ec18
16,15,ordinary_new,0.36767820455133915,0.36374951526522636,0.3706413097679615,0.3706413097679615,0.36767820455133915,0.36374951526522636,odd_rank_benchmark_20261006/runs/v1/attempts/N16_L15_ordinary_new_r0_a00.json;odd_rank_benchmark_20261006/runs/v1/attempts/N16_L15_ordinary_new_r1_a00.json;odd_rank_benchmark_20261006/runs/v1/attempts/N16_L15_ordinary_new_r2_a00.json,86fa1cb77f53c804100e47282a3d211865886d8a9b65efd3607332a8c338e070;72673cfcdfb2291c79c1a395274782517439f6378f1e06c1d5dd2b6015bbd80b;ab06efe1eea587fe9b344d4bbadbf4d31f44310ccd84cc1284019f4946a082a7
16,15,fwht,0.7244870262220502,0.7204677490517497,0.7301716795191169,0.7301716795191169,0.7244870262220502,0.7204677490517497,odd_rank_benchmark_20261006/runs/v1/attempts/N16_L15_fwht_r0_a00.json;odd_rank_benchmark_20261006/runs/v1/attempts/N16_L15_fwht_r1_a00.json;odd_rank_benchmark_20261006/runs/v1/attempts/N16_L15_fwht_r2_a00.json,a9b7a413238a82383290434d1dbb801388dba23a598a1d3d4bc389a96342e931;4b04d12b2abf73806edb30a64feb6c88e3654c91b213f0db88d22c49a47670f5;37327d6dd7650d7ebcda1192128e96d569749b64e92f9561cf742fe1ead2ffce
16,15,kronecker_binary,3.8685468481853604,3.86293394677341,3.869315658695996,3.869315658695996,3.86293394677341,3.8685468481853604,odd_rank_benchmark_20261006/runs/v1/attempts/N16_L15_kronecker_binary_r0_a00.json;odd_rank_benchmark_20261006/runs/v1/attempts/N16_L15_kronecker_binary_r1_a00.json;odd_rank_benchmark_20261006/runs/v1/attempts/N16_L15_kronecker_binary_r2_a00.json,800502456bb142e6507058de30f1a4ecdee81c51622c5e8ea012158ce9e96b93;8f8174d45dc367eba26c57c973110c63b7231766ca79634c55715b69f9bf9a02;7b29ec89f30a78fc82276610e150efff934055eb49fb66a6ac055d014cd47107
16,16,ah_new,0.23917861841619015,0.2363729877397418,0.24003499653190374,0.2363729877397418,0.23917861841619015,0.24003499653190374,odd_rank_benchmark_20261006/runs/v1/attempts/N16_L16_ah_new_r0_a00.json;odd_rank_benchmark_20261006/runs/v1/attempts/N16_L16_ah_new_r1_a00.json;odd_rank_benchmark_20261006/runs/v1/attempts/N16_L16_ah_new_r2_a00.json,2add03c39429aafb7f7b10ca3663e993fce63bda3ec146442c2bc210f3780cc5;a223f9c24d8e89182cfe0a5110d5f4815e210843cc2e5a33383caedd733bfffa;fa61a0137c3015c1cd20c521b1341a118b58670fe2042dcdabd516291ce7593c
16,16,ordinary_new,0.32557917665690184,0.3248898033052683,0.3695173831656575,0.3248898033052683,0.3695173831656575,0.32557917665690184,odd_rank_benchmark_20261006/runs/v1/attempts/N16_L16_ordinary_new_r0_a00.json;odd_rank_benchmark_20261006/runs/v1/attempts/N16_L16_ordinary_new_r1_a00.json;odd_rank_benchmark_20261006/runs/v1/attempts/N16_L16_ordinary_new_r2_a00.json,d1dcdc02e811e3b3a1226d6b6e4c9dc56cc610b7e226bb943d79adac757a27b3;d6fa811a818d985c2f37c4db36b95853b018a1a6afa1b5664ae3f69bf95f05a4;18bcccebd424418c1b1037522c8f821934497d7c43db21ac47118a66148cab5d
16,16,fwht,0.7683280557394028,0.7579321125522256,0.7807735549286008,0.7579321125522256,0.7683280557394028,0.7807735549286008,odd_rank_benchmark_20261006/runs/v1/attempts/N16_L16_fwht_r0_a00.json;odd_rank_benchmark_20261006/runs/v1/attempts/N16_L16_fwht_r1_a00.json;odd_rank_benchmark_20261006/runs/v1/attempts/N16_L16_fwht_r2_a00.json,4f38d995f4ff07811b6b10093333cfc4c19d5e6797e20f51c9d61c5a0ad13e78;c9687fdf2c6e9788f0d6a46080a36fad42ca97b27b269cc99f71682524864188;08c7926b818d8d4a39d48a654c4fceb182d44cb255eac030b04b0a52ff165552
16,16,kronecker_binary,2.738859917037189,2.7381850639358163,2.7449064841493964,2.738859917037189,2.7449064841493964,2.7381850639358163,odd_rank_benchmark_20261006/runs/v1/attempts/N16_L16_kronecker_binary_r0_a00.json;odd_rank_benchmark_20261006/runs/v1/attempts/N16_L16_kronecker_binary_r1_a00.json;odd_rank_benchmark_20261006/runs/v1/attempts/N16_L16_kronecker_binary_r2_a00.json,5d40cc6f749c53c6c4efa22881b157787646d5cae439d71c3b0d188a566b4e5a;270d811f0a9da74d3f3a69f899f24bfe70fda79a9757b081070125fab1481287;3c9fc7fddcc41c8ed0cd3deb0b6299b695bcff212610a2d982a1ce911dedba22
16,23,ah_new,0.41435508616268635,0.4067852133885026,0.4368786299601197,0.4067852133885026,0.4368786299601197,0.41435508616268635,odd_rank_benchmark_20261006/runs/v1/attempts/N16_L23_ah_new_r0_a00.json;odd_rank_benchmark_20261006/runs/v1/attempts/N16_L23_ah_new_r1_a00.json;odd_rank_benchmark_20261006/runs/v1/attempts/N16_L23_ah_new_r2_a00.json,87f40388e0319cc626632bbf7f4930c7f755a3a103a02dde848d1fd212ac18e9;3fd734233c6c9dd4dc982d4e8d29b4fb4b7f92086aa71bcab87d36d0dfde5dbe;f33cd7a0d03c7a75b7f36100df27570bf4523b2ed48ca6a91eb9c62b2eda2080
16,23,ordinary_new,1.0275928238406777,1.0241836849600077,1.0396949294954538,1.0275928238406777,1.0241836849600077,1.0396949294954538,odd_rank_benchmark_20261006/runs/v1/attempts/N16_L23_ordinary_new_r0_a00.json;odd_rank_benchmark_20261006/runs/v1/attempts/N16_L23_ordinary_new_r1_a00.json;odd_rank_benchmark_20261006/runs/v1/attempts/N16_L23_ordinary_new_r2_a00.json,3741a0ffa7598b648e4462652af47d82535da50f5d650ab8d9dd89b29144a0cc;b4deea9077e2a82d3bffa21a5973e8e7c3d0cbb5554b1bca1384873885939481;68915b114cdb2c1ef52aec8a380100e6c5d4f38cf9061f4de7ab40d662a1fc0c
16,23,fwht,1.0823246529325843,1.0751363318413496,1.1212352402508259,1.0823246529325843,1.0751363318413496,1.1212352402508259,odd_rank_benchmark_20261006/runs/v1/attempts/N16_L23_fwht_r0_a00.json;odd_rank_benchmark_20261006/runs/v1/attempts/N16_L23_fwht_r1_a00.json;odd_rank_benchmark_20261006/runs/v1/attempts/N16_L23_fwht_r2_a00.json,3ce12414f62ad0323e12d8a222667ab2ea013ba3b04098778ec662e530a48209;31e51b580fdc75cf9b2a4bd3322e10b0417a9a93c24a187a2b651c62e28b1cec;9d97217faa743a336cdae3e6f8a0b119be84ecf38121c87e3f6d50b7e102a7f6
16,23,kronecker_binary,5.698039718903601,5.691372915171087,5.744483584538102,5.744483584538102,5.698039718903601,5.691372915171087,odd_rank_benchmark_20261006/runs/v1/attempts/N16_L23_kronecker_binary_r0_a00.json;odd_rank_benchmark_20261006/runs/v1/attempts/N16_L23_kronecker_binary_r1_a00.json;odd_rank_benchmark_20261006/runs/v1/attempts/N16_L23_kronecker_binary_r2_a00.json,4b4bab18ab8e142a4814a12f9d7a7af219b3a9c3bdc3bf841dba31105967ac73;8440a2d7af84dc1d6928eda2c3e5b16f8765c8a9bcb3556fec069c00cf0e690d;7ee5777d8659de8968c4d62dd943a8d20116853b06239f56eef38e3d78beabf9
16,24,ah_new,0.46452528331428766,0.4511819342151284,0.4671011893078685,0.4511819342151284,0.4671011893078685,0.46452528331428766,odd_rank_benchmark_20261006/runs/v1/attempts/N16_L24_ah_new_r0_a00.json;odd_rank_benchmark_20261006/runs/v1/attempts/N16_L24_ah_new_r1_a00.json;odd_rank_benchmark_20261006/runs/v1/attempts/N16_L24_ah_new_r2_a00.json,a1795d176ea112d5e9871ff8d36eebe21a393ef7bd2acc288db863781ca5d4cf;c61ae8e5c87a3be9e6b9605fe8f7ff922a6bd45218e7b8e6b47f8f33d3e00def;37ee8091892af66fd7f1fa14eb27d6b09976024689ae76a41aa7eefc2c75659c
16,24,ordinary_new,0.7061451021581888,0.6966375755146146,0.7063469029963017,0.6966375755146146,0.7063469029963017,0.7061451021581888,odd_rank_benchmark_20261006/runs/v1/attempts/N16_L24_ordinary_new_r0_a00.json;odd_rank_benchmark_20261006/runs/v1/attempts/N16_L24_ordinary_new_r1_a00.json;odd_rank_benchmark_20261006/runs/v1/attempts/N16_L24_ordinary_new_r2_a00.json,4bbeb45a15f604526d012c4849e3ad26c7af07a8ab07b4c0868a8c45c2a0b538;f1409ef2d9aed38f81f4a45e5dd7cd480063198321aa41ed9deac8edf6656e9c;a92d61552aa46a6840328fbf50160e14f735b59f55d0e8d7e095893314ab9445
16,24,fwht,1.1347159706056118,1.1194732822477818,1.140614565461874,1.1347159706056118,1.1194732822477818,1.140614565461874,odd_rank_benchmark_20261006/runs/v1/attempts/N16_L24_fwht_r0_a00.json;odd_rank_benchmark_20261006/runs/v1/attempts/N16_L24_fwht_r1_a00.json;odd_rank_benchmark_20261006/runs/v1/attempts/N16_L24_fwht_r2_a00.json,5802e70e4a4e87321b8fcba052782c682357babef99c4e45b5ca24eccc4565f1;20a5a72372fd8f9a8eced6906f955e2cb22facb2bbe499d2d0bae3651ada04a0;e5c4ea6f723244e61235bc280737eea7982615d66967372c1b4aa1c5ba299a48
16,24,kronecker_binary,5.169139472767711,5.164308520965278,5.20085065625608,5.169139472767711,5.164308520965278,5.20085065625608,odd_rank_benchmark_20261006/runs/v1/attempts/N16_L24_kronecker_binary_r0_a00.json;odd_rank_benchmark_20261006/runs/v1/attempts/N16_L24_kronecker_binary_r1_a00.json;odd_rank_benchmark_20261006/runs/v1/attempts/N16_L24_kronecker_binary_r2_a00.json,82614ee08fc26a2a2c3047b1acc0d5de46ddda0fd19442a7e19fd05ba57cb38e;98a62147e9219bfdece52278a3deefdc8ed4d495e3b580244a761591e19da10d;cd6661f7020fe398af4d8c4410cc0b72285fbfc13ec2f84264b2b808890097a2
16,31,ah_new,0.9190277867019176,0.9135197196155787,0.9231613827869296,0.9135197196155787,0.9190277867019176,0.9231613827869296,odd_rank_benchmark_20261006/runs/v1/attempts/N16_L31_ah_new_r0_a00.json;odd_rank_benchmark_20261006/runs/v1/attempts/N16_L31_ah_new_r1_a00.json;odd_rank_benchmark_20261006/runs/v1/attempts/N16_L31_ah_new_r2_a00.json,402e095b1f8c907dbba78e157e2cc3f723c33e18fb6f9056346d05ec4d1d0dab;f50b636d1d3a39408fc5926f8ce3db5f9440499ce7c1ef5eb8ccc6a28b813e70;78fd94d0c3923f52d79ebe7480c54952895afd33408feb402b355ae7924678bb
16,31,ordinary_new,2.6404839772731066,2.6293135853484273,2.651510862633586,2.651510862633586,2.6293135853484273,2.6404839772731066,odd_rank_benchmark_20261006/runs/v1/attempts/N16_L31_ordinary_new_r0_a00.json;odd_rank_benchmark_20261006/runs/v1/attempts/N16_L31_ordinary_new_r1_a00.json;odd_rank_benchmark_20261006/runs/v1/attempts/N16_L31_ordinary_new_r2_a00.json,fd77a37aac8c627600b2098b907da0c5221bc29765c25c0c5e0b3ff92a0280ba;69b22b8168f74f1eeb757cee18eb60513958a0b37f6052eef0d8fe18ccfb4fc7;037c9075f7993b250085d8d992ad9070acd814b889f6b0aba3afe11ad2c4a8ee
16,31,fwht,1.4645913485437632,1.4511158848181367,1.4660598151385784,1.4660598151385784,1.4645913485437632,1.4511158848181367,odd_rank_benchmark_20261006/runs/v1/attempts/N16_L31_fwht_r0_a00.json;odd_rank_benchmark_20261006/runs/v1/attempts/N16_L31_fwht_r1_a00.json;odd_rank_benchmark_20261006/runs/v1/attempts/N16_L31_fwht_r2_a00.json,ef36035f17d661902ca49a0ddb9957321ebc08930865076ab36a59b8f89021e7;24f32429b77e23e37ac4a85ce9728bf20f433340a4138550a1b40319c9d47e98;9894408058802b8bf893436a41a15cb4ae0ed70b6d049baa84d26fe820b9c4f1
16,31,kronecker_binary,8.835003430955112,8.709338563494384,8.953521463088691,8.953521463088691,8.835003430955112,8.709338563494384,odd_rank_benchmark_20261006/runs/v1/attempts/N16_L31_kronecker_binary_r0_a00.json;odd_rank_benchmark_20261006/runs/v1/attempts/N16_L31_kronecker_binary_r1_a00.json;odd_rank_benchmark_20261006/runs/v1/attempts/N16_L31_kronecker_binary_r2_a00.json,2899937d8a9c9b020db3221e2ed00c16a5d80e25f02f39756b787b4f56221898;27aa2152bdccdf9b5d811c6556bc0d8f4dc4093522be2cce86acbe9871543228;65109bd7f222d9e03e34aa01925e05ed6c7d191f0ae1c8cd08747e7a301d5f15
16,32,ah_new,1.0116695715114474,1.0085967034101486,1.0266902791336179,1.0266902791336179,1.0116695715114474,1.0085967034101486,odd_rank_benchmark_20261006/runs/v1/attempts/N16_L32_ah_new_r0_a00.json;odd_rank_benchmark_20261006/runs/v1/attempts/N16_L32_ah_new_r1_a00.json;odd_rank_benchmark_20261006/runs/v1/attempts/N16_L32_ah_new_r2_a00.json,404de04d2a4728c0842d7824f31209ee20514efd79172ac475f1c3eafff03335;2b0aa0f7541ae587ce138e7a675b7ffeb882d1b22cac4b7b20436266f70ecb0b;e0a76c9028121c9a833b0143e7bb30c6747e104c4b0d6239eba526cd43e9e7eb
16,32,ordinary_new,1.4541578087955713,1.4509356524795294,1.4652821915224195,1.4652821915224195,1.4541578087955713,1.4509356524795294,odd_rank_benchmark_20261006/runs/v1/attempts/N16_L32_ordinary_new_r0_a00.json;odd_rank_benchmark_20261006/runs/v1/attempts/N16_L32_ordinary_new_r1_a00.json;odd_rank_benchmark_20261006/runs/v1/attempts/N16_L32_ordinary_new_r2_a00.json,4a2aaf1fa28d0acd0e34e705381d946afcb37e61b71b1beea833fa167d015513;e75b65959be681d1fafe9cc11f32c9d2cf403b0d6dddbb10a4076ea63b90a161;322df25f86ed075a03a43e6bb9d30a9264203f6485595fc8dff804abd6cbbf7a
16,32,fwht,1.509353168308735,1.5075011244043708,1.5164661705493927,1.509353168308735,1.5164661705493927,1.5075011244043708,odd_rank_benchmark_20261006/runs/v1/attempts/N16_L32_fwht_r0_a00.json;odd_rank_benchmark_20261006/runs/v1/attempts/N16_L32_fwht_r1_a00.json;odd_rank_benchmark_20261006/runs/v1/attempts/N16_L32_fwht_r2_a00.json,848f76501f4bd3d646996ee6dba4ed264bdc46593c7e75512b923c07dfc36419;9b1c92cc99b3217416e9fcb3c4f11824dfc0dc6d8cf87b8a37a917983188a1a9;b5aca8e68abc1eee786ecc3b777668cec6cd7783b4688abd182c586c5e627a3f
16,32,kronecker_binary,5.256364390254021,5.232425837777555,5.300508459098637,5.300508459098637,5.256364390254021,5.232425837777555,odd_rank_benchmark_20261006/runs/v1/attempts/N16_L32_kronecker_binary_r0_a00.json;odd_rank_benchmark_20261006/runs/v1/attempts/N16_L32_kronecker_binary_r1_a00.json;odd_rank_benchmark_20261006/runs/v1/attempts/N16_L32_kronecker_binary_r2_a00.json,15612d23493addc4ceedd8c64b79722c7938b292685c5a6a4ee672c3dc0ef92f;22eb8f14abc776ee99c39145a1e802af5b6a986234c8ff99e7613add6dd3cbc5;7ca29de0c0a0c556d6ea6ed89118379b297515062baa521ea913c9d2b580332e
