N,L,ah_block_second,ordinary_int,pari_cyclic,conv_sequential,conv_binary,kronecker_binary,fwht
4,4,0.07165488041937351,0.058284993283450603,0.13905696850270033,0.03999993484467268,0.04028854053467512,0.04151790402829647,0.04050892870873213
4,6,0.07249718904495239,0.0593772204592824,0.13978677336126566,0.04003374557942152,0.04031637404114008,0.041007399559020996,0.040994676761329174
4,8,0.07306457310914993,0.06297371909022331,0.1392328990623355,0.04006724897772074,0.040414764545857906,0.0412116339430213,0.04025121405720711
4,12,0.07565382402390242,0.0756235271692276,0.13913369830697775,0.040299330838024616,0.0404090965166688,0.04082770645618439,0.040627083741128445
4,16,0.0790370274335146,0.09498453978449106,0.13979296758770943,0.04055682010948658,0.040042865090072155,0.04097332339733839,0.0407068245112896
6,4,0.07247165963053703,0.059688677079975605,0.13989970833063126,0.04072185978293419,0.04083234816789627,0.041104952804744244,0.04050152562558651
6,6,0.07416454702615738,0.06113013904541731,0.13942371774464846,0.04092042241245508,0.041051614098250866,0.041100324131548405,0.03991821501404047
6,8,0.07443164009600878,0.06667762529104948,0.13949667382985353,0.041514677926898,0.041085924953222275,0.040583981201052666,0.040223908610641956
6,12,0.07868258282542229,0.08335107658058405,0.13969767652451992,0.042209227569401264,0.041273172944784164,0.04063042625784874,0.040743802674114704
6,16,0.08512386865913868,0.11119718197733164,0.13967558182775974,0.042848292738199234,0.04112548101693392,0.04104055371135473,0.040168638341128826
8,4,0.07458873931318521,0.06132172793149948,0.13998759910464287,0.0481316726654768,0.04796405881643295,0.04200027324259281,0.0409093601629138
8,6,0.07540307007730007,0.06349135935306549,0.14146736729890108,0.053382713347673416,0.05068124085664749,0.04210466053336859,0.040597185492515564
8,8,0.07720098178833723,0.07104793284088373,0.14124775491654873,0.058362689800560474,0.050359862856566906,0.04182067885994911,0.040417300537228584
8,12,0.08127758745104074,0.09282184671610594,0.14085491467267275,0.06878098100423813,0.053220652975142,0.042025608010590076,0.04145073797553778
8,16,0.09961805585771799,0.1339340889826417,0.14086373895406723,0.08044297434389591,0.05366564728319645,0.04242126177996397,0.042044482193887234
12,4,0.07407559640705585,0.06115211080759764,0.2839217483997345,2.2581309797242284,2.147684562020004,0.08784593641757965,0.04788667894899845
12,6,0.07644587755203247,0.06629837490618229,0.3538133082911372,3.8131155781447887,2.962123275734484,0.09277858678251505,0.05083975940942764
12,8,0.07848932035267353,0.07567253150045872,0.35370301734656096,5.631144050508738,3.0573613457381725,0.09172744955867529,0.055775885470211506
12,12,0.09604935999959707,0.11830647941678762,0.42939188703894615,9.17994537204504,4.066407765261829,0.10130840260535479,0.06388678029179573
12,16,0.11988877039402723,0.17613013833761215,0.4276660392060876,12.44248385168612,3.9304200876504183,0.10108543932437897,0.07121975161135197
16,4,0.07774493657052517,0.06474144756793976,36.491848366335034,628.5456034978852,579.8515052041039,1.4343179957941175,0.1788902934640646
16,6,0.0803086468949914,0.07046574540436268,54.50013444758952,1171.9896156182513,875.2259982964024,1.791630164720118,0.2707466520369053
16,8,0.09078711923211813,0.09069428499788046,54.48728225659579,1674.6093094879761,883.3930001389235,1.7803062666207552,0.3656615009531379
16,12,0.11117972619831562,0.14543840661644936,72.69078699219972,2517.8164837853983,1101.23770455271,2.676989699713886,0.5408954815939069
16,16,0.16488329879939556,0.25143043603748083,72.5387492403388,3459.8280678158626,1097.126833010465,2.686250972561538,0.6999485716223717
