N,L,method,status,repeats,samples,median,minimum,maximum,scheduling
4,4,ah_block_second,COMPLETE,3,"[0.07165488041937351, 0.07161615509539843, 0.0719210896641016]",0.07165488041937351,0.07161615509539843,0.0719210896641016,"[{""cpu"": 0, ""execution_epoch"": ""original_serial_formal""}, {""cpu"": 0, ""execution_epoch"": ""original_serial_formal""}, {""cpu"": 0, ""execution_epoch"": ""original_serial_formal""}]"
4,4,ordinary_int,COMPLETE,3,"[0.05915781110525131, 0.05745852831751108, 0.058284993283450603]",0.058284993283450603,0.05745852831751108,0.05915781110525131,"[{""cpu"": 0, ""execution_epoch"": ""original_serial_formal""}, {""cpu"": 0, ""execution_epoch"": ""original_serial_formal""}, {""cpu"": 0, ""execution_epoch"": ""original_serial_formal""}]"
4,6,ah_block_second,COMPLETE,3,"[0.07249718904495239, 0.0722287055104971, 0.07296103984117508]",0.07249718904495239,0.0722287055104971,0.07296103984117508,"[{""cpu"": 0, ""execution_epoch"": ""original_serial_formal""}, {""cpu"": 0, ""execution_epoch"": ""original_serial_formal""}, {""cpu"": 0, ""execution_epoch"": ""original_serial_formal""}]"
4,6,ordinary_int,COMPLETE,3,"[0.0594019778072834, 0.05919089075177908, 0.0593772204592824]",0.0593772204592824,0.05919089075177908,0.0594019778072834,"[{""cpu"": 0, ""execution_epoch"": ""original_serial_formal""}, {""cpu"": 0, ""execution_epoch"": ""original_serial_formal""}, {""cpu"": 0, ""execution_epoch"": ""original_serial_formal""}]"
4,8,ah_block_second,COMPLETE,3,"[0.07307751756161451, 0.07306457310914993, 0.07263131067156792]",0.07306457310914993,0.07263131067156792,0.07307751756161451,"[{""cpu"": 0, ""execution_epoch"": ""original_serial_formal""}, {""cpu"": 0, ""execution_epoch"": ""original_serial_formal""}, {""cpu"": 0, ""execution_epoch"": ""original_serial_formal""}]"
4,8,ordinary_int,COMPLETE,3,"[0.06270940415561199, 0.06297371909022331, 0.0637069633230567]",0.06297371909022331,0.06270940415561199,0.0637069633230567,"[{""cpu"": 0, ""execution_epoch"": ""original_serial_formal""}, {""cpu"": 0, ""execution_epoch"": ""original_serial_formal""}, {""cpu"": 0, ""execution_epoch"": ""original_serial_formal""}]"
4,12,ah_block_second,COMPLETE,3,"[0.0760975843295455, 0.07558203767985106, 0.07565382402390242]",0.07565382402390242,0.07558203767985106,0.0760975843295455,"[{""cpu"": 0, ""execution_epoch"": ""original_serial_formal""}, {""cpu"": 0, ""execution_epoch"": ""original_serial_formal""}, {""cpu"": 0, ""execution_epoch"": ""original_serial_formal""}]"
4,12,ordinary_int,COMPLETE,3,"[0.07595150638371706, 0.0756235271692276, 0.0749207716435194]",0.0756235271692276,0.0749207716435194,0.07595150638371706,"[{""cpu"": 0, ""execution_epoch"": ""original_serial_formal""}, {""cpu"": 0, ""execution_epoch"": ""original_serial_formal""}, {""cpu"": 0, ""execution_epoch"": ""original_serial_formal""}]"
4,16,ah_block_second,COMPLETE,3,"[0.07806517835706472, 0.07921885792165995, 0.0790370274335146]",0.0790370274335146,0.07806517835706472,0.07921885792165995,"[{""cpu"": 0, ""execution_epoch"": ""original_serial_formal""}, {""cpu"": 0, ""execution_epoch"": ""original_serial_formal""}, {""cpu"": 0, ""execution_epoch"": ""original_serial_formal""}]"
4,16,ordinary_int,COMPLETE,3,"[0.09498453978449106, 0.09516454301774502, 0.09414606913924217]",0.09498453978449106,0.09414606913924217,0.09516454301774502,"[{""cpu"": 0, ""execution_epoch"": ""original_serial_formal""}, {""cpu"": 0, ""execution_epoch"": ""original_serial_formal""}, {""cpu"": 0, ""execution_epoch"": ""original_serial_formal""}]"
6,4,ah_block_second,COMPLETE,3,"[0.07247165963053703, 0.07291400525718927, 0.07238444220274687]",0.07247165963053703,0.07238444220274687,0.07291400525718927,"[{""cpu"": 0, ""execution_epoch"": ""original_serial_formal""}, {""cpu"": 0, ""execution_epoch"": ""original_serial_formal""}, {""cpu"": 0, ""execution_epoch"": ""original_serial_formal""}]"
6,4,ordinary_int,COMPLETE,3,"[0.059903524816036224, 0.058986006304621696, 0.059688677079975605]",0.059688677079975605,0.058986006304621696,0.059903524816036224,"[{""cpu"": 0, ""execution_epoch"": ""original_serial_formal""}, {""cpu"": 0, ""execution_epoch"": ""original_serial_formal""}, {""cpu"": 0, ""execution_epoch"": ""original_serial_formal""}]"
6,6,ah_block_second,COMPLETE,3,"[0.07459782343357801, 0.07295940537005663, 0.07416454702615738]",0.07416454702615738,0.07295940537005663,0.07459782343357801,"[{""cpu"": 0, ""execution_epoch"": ""original_serial_formal""}, {""cpu"": 0, ""execution_epoch"": ""original_serial_formal""}, {""cpu"": 0, ""execution_epoch"": ""original_serial_formal""}]"
6,6,ordinary_int,COMPLETE,3,"[0.060998499393463135, 0.06194768752902746, 0.06113013904541731]",0.06113013904541731,0.060998499393463135,0.06194768752902746,"[{""cpu"": 0, ""execution_epoch"": ""original_serial_formal""}, {""cpu"": 0, ""execution_epoch"": ""original_serial_formal""}, {""cpu"": 0, ""execution_epoch"": ""original_serial_formal""}]"
6,8,ah_block_second,COMPLETE,3,"[0.07443164009600878, 0.0747966505587101, 0.07419316656887531]",0.07443164009600878,0.07419316656887531,0.0747966505587101,"[{""cpu"": 0, ""execution_epoch"": ""original_serial_formal""}, {""cpu"": 0, ""execution_epoch"": ""original_serial_formal""}, {""cpu"": 0, ""execution_epoch"": ""original_serial_formal""}]"
6,8,ordinary_int,COMPLETE,3,"[0.06718944758176804, 0.06667762529104948, 0.06653332524001598]",0.06667762529104948,0.06653332524001598,0.06718944758176804,"[{""cpu"": 0, ""execution_epoch"": ""original_serial_formal""}, {""cpu"": 0, ""execution_epoch"": ""original_serial_formal""}, {""cpu"": 0, ""execution_epoch"": ""original_serial_formal""}]"
6,12,ah_block_second,COMPLETE,3,"[0.07868258282542229, 0.07925776299089193, 0.07801150716841221]",0.07868258282542229,0.07801150716841221,0.07925776299089193,"[{""cpu"": 0, ""execution_epoch"": ""original_serial_formal""}, {""cpu"": 0, ""execution_epoch"": ""original_serial_formal""}, {""cpu"": 0, ""execution_epoch"": ""original_serial_formal""}]"
6,12,ordinary_int,COMPLETE,3,"[0.08416793216019869, 0.08280920423567295, 0.08335107658058405]",0.08335107658058405,0.08280920423567295,0.08416793216019869,"[{""cpu"": 0, ""execution_epoch"": ""original_serial_formal""}, {""cpu"": 0, ""execution_epoch"": ""original_serial_formal""}, {""cpu"": 0, ""execution_epoch"": ""original_serial_formal""}]"
6,16,ah_block_second,COMPLETE,3,"[0.08512386865913868, 0.0847584716975689, 0.08636345434933901]",0.08512386865913868,0.0847584716975689,0.08636345434933901,"[{""cpu"": 0, ""execution_epoch"": ""original_serial_formal""}, {""cpu"": 0, ""execution_epoch"": ""original_serial_formal""}, {""cpu"": 0, ""execution_epoch"": ""original_serial_formal""}]"
6,16,ordinary_int,COMPLETE,3,"[0.11119718197733164, 0.11156896501779556, 0.11072160676121712]",0.11119718197733164,0.11072160676121712,0.11156896501779556,"[{""cpu"": 0, ""execution_epoch"": ""original_serial_formal""}, {""cpu"": 0, ""execution_epoch"": ""original_serial_formal""}, {""cpu"": 0, ""execution_epoch"": ""original_serial_formal""}]"
8,4,ah_block_second,COMPLETE,3,"[0.07489306200295687, 0.07458873931318521, 0.07448367401957512]",0.07458873931318521,0.07448367401957512,0.07489306200295687,"[{""cpu"": 0, ""execution_epoch"": ""original_serial_formal""}, {""cpu"": 0, ""execution_epoch"": ""original_serial_formal""}, {""cpu"": 0, ""execution_epoch"": ""original_serial_formal""}]"
8,4,ordinary_int,COMPLETE,3,"[0.06132172793149948, 0.06004696525633335, 0.061331747099757195]",0.06132172793149948,0.06004696525633335,0.061331747099757195,"[{""cpu"": 0, ""execution_epoch"": ""original_serial_formal""}, {""cpu"": 0, ""execution_epoch"": ""original_serial_formal""}, {""cpu"": 0, ""execution_epoch"": ""original_serial_formal""}]"
8,6,ah_block_second,COMPLETE,3,"[0.0748694846406579, 0.0770321236923337, 0.07540307007730007]",0.07540307007730007,0.0748694846406579,0.0770321236923337,"[{""cpu"": 0, ""execution_epoch"": ""original_serial_formal""}, {""cpu"": 0, ""execution_epoch"": ""original_serial_formal""}, {""cpu"": 0, ""execution_epoch"": ""original_serial_formal""}]"
8,6,ordinary_int,COMPLETE,3,"[0.06486649345606565, 0.06349135935306549, 0.0632435791194439]",0.06349135935306549,0.0632435791194439,0.06486649345606565,"[{""cpu"": 0, ""execution_epoch"": ""original_serial_formal""}, {""cpu"": 0, ""execution_epoch"": ""original_serial_formal""}, {""cpu"": 0, ""execution_epoch"": ""original_serial_formal""}]"
8,8,ah_block_second,COMPLETE,3,"[0.07720098178833723, 0.07691324595361948, 0.07970878761261702]",0.07720098178833723,0.07691324595361948,0.07970878761261702,"[{""cpu"": 0, ""execution_epoch"": ""original_serial_formal""}, {""cpu"": 0, ""execution_epoch"": ""original_serial_formal""}, {""cpu"": 0, ""execution_epoch"": ""original_serial_formal""}]"
8,8,ordinary_int,COMPLETE,3,"[0.07046636659651995, 0.07106415182352066, 0.07104793284088373]",0.07104793284088373,0.07046636659651995,0.07106415182352066,"[{""cpu"": 0, ""execution_epoch"": ""original_serial_formal""}, {""cpu"": 0, ""execution_epoch"": ""original_serial_formal""}, {""cpu"": 0, ""execution_epoch"": ""original_serial_formal""}]"
8,12,ah_block_second,COMPLETE,3,"[0.08127758745104074, 0.08186966646462679, 0.08111737947911024]",0.08127758745104074,0.08111737947911024,0.08186966646462679,"[{""cpu"": 0, ""execution_epoch"": ""original_serial_formal""}, {""cpu"": 0, ""execution_epoch"": ""original_serial_formal""}, {""cpu"": 0, ""execution_epoch"": ""original_serial_formal""}]"
8,12,ordinary_int,COMPLETE,3,"[0.09254128206521273, 0.09345530904829502, 0.09282184671610594]",0.09282184671610594,0.09254128206521273,0.09345530904829502,"[{""cpu"": 0, ""execution_epoch"": ""original_serial_formal""}, {""cpu"": 0, ""execution_epoch"": ""original_serial_formal""}, {""cpu"": 0, ""execution_epoch"": ""original_serial_formal""}]"
8,16,ah_block_second,COMPLETE,3,"[0.10014411248266697, 0.09707977063953876, 0.09961805585771799]",0.09961805585771799,0.09707977063953876,0.10014411248266697,"[{""cpu"": 0, ""execution_epoch"": ""original_serial_formal""}, {""cpu"": 0, ""execution_epoch"": ""original_serial_formal""}, {""cpu"": 0, ""execution_epoch"": ""original_serial_formal""}]"
8,16,ordinary_int,COMPLETE,3,"[0.13669227343052626, 0.1337737636640668, 0.1339340889826417]",0.1339340889826417,0.1337737636640668,0.13669227343052626,"[{""cpu"": 0, ""execution_epoch"": ""original_serial_formal""}, {""cpu"": 0, ""execution_epoch"": ""original_serial_formal""}, {""cpu"": 0, ""execution_epoch"": ""original_serial_formal""}]"
12,4,ah_block_second,COMPLETE,3,"[0.07407559640705585, 0.0739515321329236, 0.0744714429602027]",0.07407559640705585,0.0739515321329236,0.0744714429602027,"[{""cpu"": 0, ""execution_epoch"": ""original_serial_formal""}, {""cpu"": 0, ""execution_epoch"": ""original_serial_formal""}, {""cpu"": 0, ""execution_epoch"": ""original_serial_formal""}]"
12,4,ordinary_int,COMPLETE,3,"[0.061064488254487514, 0.06115211080759764, 0.061158232390880585]",0.06115211080759764,0.061064488254487514,0.061158232390880585,"[{""cpu"": 0, ""execution_epoch"": ""original_serial_formal""}, {""cpu"": 0, ""execution_epoch"": ""original_serial_formal""}, {""cpu"": 0, ""execution_epoch"": ""original_serial_formal""}]"
12,6,ah_block_second,COMPLETE,3,"[0.07644587755203247, 0.07616124302148819, 0.07894751243293285]",0.07644587755203247,0.07616124302148819,0.07894751243293285,"[{""cpu"": 0, ""execution_epoch"": ""original_serial_formal""}, {""cpu"": 0, ""execution_epoch"": ""original_serial_formal""}, {""cpu"": 0, ""execution_epoch"": ""original_serial_formal""}]"
12,6,ordinary_int,COMPLETE,3,"[0.06629837490618229, 0.06652169581502676, 0.06597295496612787]",0.06629837490618229,0.06597295496612787,0.06652169581502676,"[{""cpu"": 0, ""execution_epoch"": ""original_serial_formal""}, {""cpu"": 0, ""execution_epoch"": ""original_serial_formal""}, {""cpu"": 0, ""execution_epoch"": ""original_serial_formal""}]"
12,8,ah_block_second,COMPLETE,3,"[0.07848932035267353, 0.07856429368257523, 0.07828760705888271]",0.07848932035267353,0.07828760705888271,0.07856429368257523,"[{""cpu"": 0, ""execution_epoch"": ""original_serial_formal""}, {""cpu"": 0, ""execution_epoch"": ""original_serial_formal""}, {""cpu"": 0, ""execution_epoch"": ""original_serial_formal""}]"
12,8,ordinary_int,COMPLETE,3,"[0.07537782844156027, 0.07567253150045872, 0.07586920168250799]",0.07567253150045872,0.07537782844156027,0.07586920168250799,"[{""cpu"": 0, ""execution_epoch"": ""original_serial_formal""}, {""cpu"": 0, ""execution_epoch"": ""original_serial_formal""}, {""cpu"": 0, ""execution_epoch"": ""original_serial_formal""}]"
12,12,ah_block_second,COMPLETE,3,"[0.09604935999959707, 0.09629134740680456, 0.09516326524317265]",0.09604935999959707,0.09516326524317265,0.09629134740680456,"[{""cpu"": 0, ""execution_epoch"": ""original_serial_formal""}, {""cpu"": 0, ""execution_epoch"": ""original_serial_formal""}, {""cpu"": 0, ""execution_epoch"": ""original_serial_formal""}]"
12,12,ordinary_int,COMPLETE,3,"[0.11830793786793947, 0.11754566989839077, 0.11830647941678762]",0.11830647941678762,0.11754566989839077,0.11830793786793947,"[{""cpu"": 0, ""execution_epoch"": ""original_serial_formal""}, {""cpu"": 0, ""execution_epoch"": ""original_serial_formal""}, {""cpu"": 0, ""execution_epoch"": ""original_serial_formal""}]"
12,16,ah_block_second,COMPLETE,3,"[0.11988877039402723, 0.12011216674000025, 0.11899374052882195]",0.11988877039402723,0.11899374052882195,0.12011216674000025,"[{""cpu"": 0, ""execution_epoch"": ""original_serial_formal""}, {""cpu"": 0, ""execution_epoch"": ""original_serial_formal""}, {""cpu"": 0, ""execution_epoch"": ""original_serial_formal""}]"
12,16,ordinary_int,COMPLETE,3,"[0.17633804585784674, 0.17613013833761215, 0.17510591633617878]",0.17613013833761215,0.17510591633617878,0.17633804585784674,"[{""cpu"": 0, ""execution_epoch"": ""original_serial_formal""}, {""cpu"": 0, ""execution_epoch"": ""original_serial_formal""}, {""cpu"": 0, ""execution_epoch"": ""original_serial_formal""}]"
16,4,ah_block_second,COMPLETE,3,"[0.07725816778838634, 0.07774493657052517, 0.07799640856683254]",0.07774493657052517,0.07725816778838634,0.07799640856683254,"[{""cpu"": 0, ""execution_epoch"": ""original_serial_formal""}, {""cpu"": 0, ""execution_epoch"": ""original_serial_formal""}, {""cpu"": 0, ""execution_epoch"": ""original_serial_formal""}]"
16,4,ordinary_int,COMPLETE,3,"[0.06401523854583502, 0.0647821445018053, 0.06474144756793976]",0.06474144756793976,0.06401523854583502,0.0647821445018053,"[{""cpu"": 0, ""execution_epoch"": ""original_serial_formal""}, {""cpu"": 0, ""execution_epoch"": ""original_serial_formal""}, {""cpu"": 0, ""execution_epoch"": ""original_serial_formal""}]"
16,6,ah_block_second,COMPLETE,3,"[0.07908658403903246, 0.08056413475424051, 0.0803086468949914]",0.0803086468949914,0.07908658403903246,0.08056413475424051,"[{""cpu"": 0, ""execution_epoch"": ""original_serial_formal""}, {""cpu"": 0, ""execution_epoch"": ""original_serial_formal""}, {""cpu"": 0, ""execution_epoch"": ""original_serial_formal""}]"
16,6,ordinary_int,COMPLETE,3,"[0.07051017973572016, 0.07046574540436268, 0.07034011650830507]",0.07046574540436268,0.07034011650830507,0.07051017973572016,"[{""cpu"": 0, ""execution_epoch"": ""original_serial_formal""}, {""cpu"": 0, ""execution_epoch"": ""original_serial_formal""}, {""cpu"": 0, ""execution_epoch"": ""original_serial_formal""}]"
16,8,ah_block_second,COMPLETE,3,"[0.09078711923211813, 0.09123265743255615, 0.09047586005181074]",0.09078711923211813,0.09047586005181074,0.09123265743255615,"[{""cpu"": 0, ""execution_epoch"": ""original_serial_formal""}, {""cpu"": 0, ""execution_epoch"": ""original_serial_formal""}, {""cpu"": 0, ""execution_epoch"": ""original_serial_formal""}]"
16,8,ordinary_int,COMPLETE,3,"[0.09069428499788046, 0.09039571043103933, 0.09099852666258812]",0.09069428499788046,0.09039571043103933,0.09099852666258812,"[{""cpu"": 0, ""execution_epoch"": ""original_serial_formal""}, {""cpu"": 0, ""execution_epoch"": ""original_serial_formal""}, {""cpu"": 0, ""execution_epoch"": ""original_serial_formal""}]"
16,12,ah_block_second,COMPLETE,3,"[0.11117972619831562, 0.11150101386010647, 0.11004671640694141]",0.11117972619831562,0.11004671640694141,0.11150101386010647,"[{""cpu"": 0, ""execution_epoch"": ""original_serial_formal""}, {""cpu"": 0, ""execution_epoch"": ""original_serial_formal""}, {""cpu"": 0, ""execution_epoch"": ""original_serial_formal""}]"
16,12,ordinary_int,COMPLETE,3,"[0.14543840661644936, 0.14667346142232418, 0.14478718861937523]",0.14543840661644936,0.14478718861937523,0.14667346142232418,"[{""cpu"": 0, ""execution_epoch"": ""original_serial_formal""}, {""cpu"": 0, ""execution_epoch"": ""original_serial_formal""}, {""cpu"": 0, ""execution_epoch"": ""original_serial_formal""}]"
16,16,ah_block_second,COMPLETE,3,"[0.16536827199161053, 0.1647327160462737, 0.16488329879939556]",0.16488329879939556,0.1647327160462737,0.16536827199161053,"[{""cpu"": 0, ""execution_epoch"": ""original_serial_formal""}, {""cpu"": 0, ""execution_epoch"": ""original_serial_formal""}, {""cpu"": 0, ""execution_epoch"": ""original_serial_formal""}]"
16,16,ordinary_int,COMPLETE,3,"[0.25161133520305157, 0.25143043603748083, 0.2499288935214281]",0.25143043603748083,0.2499288935214281,0.25161133520305157,"[{""cpu"": 0, ""execution_epoch"": ""original_serial_formal""}, {""cpu"": 0, ""execution_epoch"": ""original_serial_formal""}, {""cpu"": 0, ""execution_epoch"": ""original_serial_formal""}]"
4,4,pari_cyclic,COMPLETE,3,"[0.13872288446873426, 0.1404155483469367, 0.13905696850270033]",0.13905696850270033,0.13872288446873426,0.1404155483469367,"[{""repeat"": 0, ""cpu"": 4, ""execution_epoch"": ""serial_cpu4_v1""}, {""repeat"": 1, ""cpu"": 4, ""execution_epoch"": ""pcores_parallel_20261006_v1""}, {""repeat"": 2, ""cpu"": 4, ""execution_epoch"": ""pcores_parallel_20261006_v1""}]"
4,4,conv_sequential,COMPLETE,3,"[0.03999993484467268, 0.039816416800022125, 0.04142899066209793]",0.03999993484467268,0.039816416800022125,0.04142899066209793,"[{""repeat"": 0, ""cpu"": 4, ""execution_epoch"": ""serial_cpu4_v1""}, {""repeat"": 1, ""cpu"": 7, ""execution_epoch"": ""pcores_parallel_20261006_v1""}, {""repeat"": 2, ""cpu"": 7, ""execution_epoch"": ""pcores_parallel_20261006_v1""}]"
4,4,conv_binary,COMPLETE,3,"[0.04028854053467512, 0.04068176820874214, 0.03999195620417595]",0.04028854053467512,0.03999195620417595,0.04068176820874214,"[{""repeat"": 0, ""cpu"": 4, ""execution_epoch"": ""serial_cpu4_v1""}, {""repeat"": 1, ""cpu"": 4, ""execution_epoch"": ""pcores_parallel_20261006_v1""}, {""repeat"": 2, ""cpu"": 4, ""execution_epoch"": ""pcores_parallel_20261006_v1""}]"
4,4,kronecker_binary,COMPLETE,3,"[0.040648454800248146, 0.042244745418429375, 0.04151790402829647]",0.04151790402829647,0.040648454800248146,0.042244745418429375,"[{""repeat"": 0, ""cpu"": 4, ""execution_epoch"": ""serial_cpu4_v1""}, {""repeat"": 1, ""cpu"": 7, ""execution_epoch"": ""pcores_parallel_20261006_v1""}, {""repeat"": 2, ""cpu"": 7, ""execution_epoch"": ""pcores_parallel_20261006_v1""}]"
4,4,fwht,COMPLETE,3,"[0.04045974928885698, 0.04094697441905737, 0.04050892870873213]",0.04050892870873213,0.04045974928885698,0.04094697441905737,"[{""repeat"": 0, ""cpu"": 4, ""execution_epoch"": ""serial_cpu4_v1""}, {""repeat"": 1, ""cpu"": 5, ""execution_epoch"": ""pcores_parallel_20261006_v1""}, {""repeat"": 2, ""cpu"": 5, ""execution_epoch"": ""pcores_parallel_20261006_v1""}]"
4,6,pari_cyclic,COMPLETE,3,"[0.13857563864439726, 0.1414184235036373, 0.13978677336126566]",0.13978677336126566,0.13857563864439726,0.1414184235036373,"[{""repeat"": 0, ""cpu"": 4, ""execution_epoch"": ""serial_cpu4_v1""}, {""repeat"": 1, ""cpu"": 5, ""execution_epoch"": ""pcores_parallel_20261006_v1""}, {""repeat"": 2, ""cpu"": 5, ""execution_epoch"": ""pcores_parallel_20261006_v1""}]"
4,6,conv_sequential,COMPLETE,3,"[0.03952542971819639, 0.04062927886843681, 0.04003374557942152]",0.04003374557942152,0.03952542971819639,0.04062927886843681,"[{""repeat"": 0, ""cpu"": 4, ""execution_epoch"": ""serial_cpu4_v1""}, {""repeat"": 1, ""cpu"": 5, ""execution_epoch"": ""pcores_parallel_20261006_v1""}, {""repeat"": 2, ""cpu"": 5, ""execution_epoch"": ""pcores_parallel_20261006_v1""}]"
4,6,conv_binary,COMPLETE,3,"[0.04031637404114008, 0.040608164854347706, 0.04011162277311087]",0.04031637404114008,0.04011162277311087,0.040608164854347706,"[{""repeat"": 0, ""cpu"": 4, ""execution_epoch"": ""serial_cpu4_v1""}, {""repeat"": 1, ""cpu"": 4, ""execution_epoch"": ""pcores_parallel_20261006_v1""}, {""repeat"": 2, ""cpu"": 4, ""execution_epoch"": ""pcores_parallel_20261006_v1""}]"
4,6,kronecker_binary,COMPLETE,3,"[0.039567639119923115, 0.04163320083171129, 0.041007399559020996]",0.041007399559020996,0.039567639119923115,0.04163320083171129,"[{""repeat"": 0, ""cpu"": 4, ""execution_epoch"": ""serial_cpu4_v1""}, {""repeat"": 1, ""cpu"": 5, ""execution_epoch"": ""pcores_parallel_20261006_v1""}, {""repeat"": 2, ""cpu"": 5, ""execution_epoch"": ""pcores_parallel_20261006_v1""}]"
4,6,fwht,COMPLETE,3,"[0.040994676761329174, 0.04067992605268955, 0.041058726608753204]",0.040994676761329174,0.04067992605268955,0.041058726608753204,"[{""repeat"": 0, ""cpu"": 4, ""execution_epoch"": ""serial_cpu4_v1""}, {""repeat"": 1, ""cpu"": 4, ""execution_epoch"": ""pcores_parallel_20261006_v1""}, {""repeat"": 2, ""cpu"": 4, ""execution_epoch"": ""pcores_parallel_20261006_v1""}]"
4,8,pari_cyclic,COMPLETE,3,"[0.13833574205636978, 0.14049440808594227, 0.1392328990623355]",0.1392328990623355,0.13833574205636978,0.14049440808594227,"[{""repeat"": 0, ""cpu"": 4, ""execution_epoch"": ""serial_cpu4_v1""}, {""repeat"": 1, ""cpu"": 5, ""execution_epoch"": ""pcores_parallel_20261006_v1""}, {""repeat"": 2, ""cpu"": 5, ""execution_epoch"": ""pcores_parallel_20261006_v1""}]"
4,8,conv_sequential,COMPLETE,3,"[0.04006724897772074, 0.040570370852947235, 0.040062518790364265]",0.04006724897772074,0.040062518790364265,0.040570370852947235,"[{""repeat"": 0, ""cpu"": 4, ""execution_epoch"": ""serial_cpu4_v1""}, {""repeat"": 1, ""cpu"": 4, ""execution_epoch"": ""pcores_parallel_20261006_v1""}, {""repeat"": 2, ""cpu"": 4, ""execution_epoch"": ""pcores_parallel_20261006_v1""}]"
4,8,conv_binary,COMPLETE,3,"[0.040414764545857906, 0.04124702978879213, 0.040028502233326435]",0.040414764545857906,0.040028502233326435,0.04124702978879213,"[{""repeat"": 0, ""cpu"": 4, ""execution_epoch"": ""serial_cpu4_v1""}, {""repeat"": 1, ""cpu"": 5, ""execution_epoch"": ""pcores_parallel_20261006_v1""}, {""repeat"": 2, ""cpu"": 5, ""execution_epoch"": ""pcores_parallel_20261006_v1""}]"
4,8,kronecker_binary,COMPLETE,3,"[0.0412116339430213, 0.04227886721491814, 0.04037940502166748]",0.0412116339430213,0.04037940502166748,0.04227886721491814,"[{""repeat"": 0, ""cpu"": 4, ""execution_epoch"": ""serial_cpu4_v1""}, {""repeat"": 1, ""cpu"": 5, ""execution_epoch"": ""pcores_parallel_20261006_v1""}, {""repeat"": 2, ""cpu"": 5, ""execution_epoch"": ""pcores_parallel_20261006_v1""}]"
4,8,fwht,COMPLETE,3,"[0.04025121405720711, 0.040127189829945564, 0.041514490731060505]",0.04025121405720711,0.040127189829945564,0.041514490731060505,"[{""repeat"": 0, ""cpu"": 4, ""execution_epoch"": ""serial_cpu4_v1""}, {""repeat"": 1, ""cpu"": 7, ""execution_epoch"": ""pcores_parallel_20261006_v1""}, {""repeat"": 2, ""cpu"": 7, ""execution_epoch"": ""pcores_parallel_20261006_v1""}]"
4,12,pari_cyclic,COMPLETE,3,"[0.1383696524426341, 0.1405494213104248, 0.13913369830697775]",0.13913369830697775,0.1383696524426341,0.1405494213104248,"[{""repeat"": 0, ""cpu"": 4, ""execution_epoch"": ""serial_cpu4_v1""}, {""repeat"": 1, ""cpu"": 4, ""execution_epoch"": ""pcores_parallel_20261006_v1""}, {""repeat"": 2, ""cpu"": 4, ""execution_epoch"": ""pcores_parallel_20261006_v1""}]"
4,12,conv_sequential,COMPLETE,3,"[0.04070262238383293, 0.040299330838024616, 0.04015856608748436]",0.040299330838024616,0.04015856608748436,0.04070262238383293,"[{""repeat"": 0, ""cpu"": 4, ""execution_epoch"": ""serial_cpu4_v1""}, {""repeat"": 1, ""cpu"": 4, ""execution_epoch"": ""pcores_parallel_20261006_v1""}, {""repeat"": 2, ""cpu"": 4, ""execution_epoch"": ""pcores_parallel_20261006_v1""}]"
4,12,conv_binary,COMPLETE,3,"[0.0404090965166688, 0.04099870193749666, 0.0400632144883275]",0.0404090965166688,0.0400632144883275,0.04099870193749666,"[{""repeat"": 0, ""cpu"": 4, ""execution_epoch"": ""serial_cpu4_v1""}, {""repeat"": 1, ""cpu"": 5, ""execution_epoch"": ""pcores_parallel_20261006_v1""}, {""repeat"": 2, ""cpu"": 5, ""execution_epoch"": ""pcores_parallel_20261006_v1""}]"
4,12,kronecker_binary,COMPLETE,3,"[0.04082770645618439, 0.041047981940209866, 0.04044806677848101]",0.04082770645618439,0.04044806677848101,0.041047981940209866,"[{""repeat"": 0, ""cpu"": 4, ""execution_epoch"": ""serial_cpu4_v1""}, {""repeat"": 1, ""cpu"": 5, ""execution_epoch"": ""pcores_parallel_20261006_v1""}, {""repeat"": 2, ""cpu"": 5, ""execution_epoch"": ""pcores_parallel_20261006_v1""}]"
4,12,fwht,COMPLETE,3,"[0.040627083741128445, 0.04028491582721472, 0.0424087094143033]",0.040627083741128445,0.04028491582721472,0.0424087094143033,"[{""repeat"": 0, ""cpu"": 4, ""execution_epoch"": ""serial_cpu4_v1""}, {""repeat"": 1, ""cpu"": 7, ""execution_epoch"": ""pcores_parallel_20261006_v1""}, {""repeat"": 2, ""cpu"": 7, ""execution_epoch"": ""pcores_parallel_20261006_v1""}]"
4,16,pari_cyclic,COMPLETE,3,"[0.13902229070663452, 0.14106116257607937, 0.13979296758770943]",0.13979296758770943,0.13902229070663452,0.14106116257607937,"[{""repeat"": 0, ""cpu"": 4, ""execution_epoch"": ""serial_cpu4_v1""}, {""repeat"": 1, ""cpu"": 5, ""execution_epoch"": ""pcores_parallel_20261006_v1""}, {""repeat"": 2, ""cpu"": 5, ""execution_epoch"": ""pcores_parallel_20261006_v1""}]"
4,16,conv_sequential,COMPLETE,3,"[0.04083368554711342, 0.04055682010948658, 0.04000670928508043]",0.04055682010948658,0.04000670928508043,0.04083368554711342,"[{""repeat"": 0, ""cpu"": 4, ""execution_epoch"": ""serial_cpu4_v1""}, {""repeat"": 1, ""cpu"": 4, ""execution_epoch"": ""pcores_parallel_20261006_v1""}, {""repeat"": 2, ""cpu"": 4, ""execution_epoch"": ""pcores_parallel_20261006_v1""}]"
4,16,conv_binary,COMPLETE,3,"[0.040042865090072155, 0.039762225933372974, 0.04196066502481699]",0.040042865090072155,0.039762225933372974,0.04196066502481699,"[{""repeat"": 0, ""cpu"": 4, ""execution_epoch"": ""serial_cpu4_v1""}, {""repeat"": 1, ""cpu"": 7, ""execution_epoch"": ""pcores_parallel_20261006_v1""}, {""repeat"": 2, ""cpu"": 7, ""execution_epoch"": ""pcores_parallel_20261006_v1""}]"
4,16,kronecker_binary,COMPLETE,3,"[0.04097332339733839, 0.04097782261669636, 0.04038908425718546]",0.04097332339733839,0.04038908425718546,0.04097782261669636,"[{""repeat"": 0, ""cpu"": 4, ""execution_epoch"": ""serial_cpu4_v1""}, {""repeat"": 1, ""cpu"": 5, ""execution_epoch"": ""pcores_parallel_20261006_v1""}, {""repeat"": 2, ""cpu"": 5, ""execution_epoch"": ""pcores_parallel_20261006_v1""}]"
4,16,fwht,COMPLETE,3,"[0.04081459529697895, 0.0407068245112896, 0.04016811680048704]",0.0407068245112896,0.04016811680048704,0.04081459529697895,"[{""repeat"": 0, ""cpu"": 4, ""execution_epoch"": ""serial_cpu4_v1""}, {""repeat"": 1, ""cpu"": 4, ""execution_epoch"": ""pcores_parallel_20261006_v1""}, {""repeat"": 2, ""cpu"": 4, ""execution_epoch"": ""pcores_parallel_20261006_v1""}]"
6,4,pari_cyclic,COMPLETE,3,"[0.13886929769068956, 0.13989970833063126, 0.1432350967079401]",0.13989970833063126,0.13886929769068956,0.1432350967079401,"[{""repeat"": 0, ""cpu"": 4, ""execution_epoch"": ""serial_cpu4_v1""}, {""repeat"": 1, ""cpu"": 7, ""execution_epoch"": ""pcores_parallel_20261006_v1""}, {""repeat"": 2, ""cpu"": 7, ""execution_epoch"": ""pcores_parallel_20261006_v1""}]"
6,4,conv_sequential,COMPLETE,3,"[0.04072185978293419, 0.041248902678489685, 0.04061476141214371]",0.04072185978293419,0.04061476141214371,0.041248902678489685,"[{""repeat"": 0, ""cpu"": 4, ""execution_epoch"": ""serial_cpu4_v1""}, {""repeat"": 1, ""cpu"": 5, ""execution_epoch"": ""pcores_parallel_20261006_v1""}, {""repeat"": 2, ""cpu"": 5, ""execution_epoch"": ""pcores_parallel_20261006_v1""}]"
6,4,conv_binary,COMPLETE,3,"[0.04083234816789627, 0.04118625447154045, 0.040360975079238415]",0.04083234816789627,0.040360975079238415,0.04118625447154045,"[{""repeat"": 0, ""cpu"": 4, ""execution_epoch"": ""serial_cpu4_v1""}, {""repeat"": 1, ""cpu"": 4, ""execution_epoch"": ""pcores_parallel_20261006_v1""}, {""repeat"": 2, ""cpu"": 4, ""execution_epoch"": ""pcores_parallel_20261006_v1""}]"
6,4,kronecker_binary,COMPLETE,3,"[0.041104952804744244, 0.041268288157880306, 0.04071967862546444]",0.041104952804744244,0.04071967862546444,0.041268288157880306,"[{""repeat"": 0, ""cpu"": 4, ""execution_epoch"": ""serial_cpu4_v1""}, {""repeat"": 1, ""cpu"": 5, ""execution_epoch"": ""pcores_parallel_20261006_v1""}, {""repeat"": 2, ""cpu"": 5, ""execution_epoch"": ""pcores_parallel_20261006_v1""}]"
6,4,fwht,COMPLETE,3,"[0.04050152562558651, 0.04034566320478916, 0.04159318748861551]",0.04050152562558651,0.04034566320478916,0.04159318748861551,"[{""repeat"": 0, ""cpu"": 4, ""execution_epoch"": ""serial_cpu4_v1""}, {""repeat"": 1, ""cpu"": 7, ""execution_epoch"": ""pcores_parallel_20261006_v1""}, {""repeat"": 2, ""cpu"": 7, ""execution_epoch"": ""pcores_parallel_20261006_v1""}]"
6,6,pari_cyclic,COMPLETE,3,"[0.13868698477745056, 0.14019093476235867, 0.13942371774464846]",0.13942371774464846,0.13868698477745056,0.14019093476235867,"[{""repeat"": 0, ""cpu"": 4, ""execution_epoch"": ""serial_cpu4_v1""}, {""repeat"": 1, ""cpu"": 4, ""execution_epoch"": ""pcores_parallel_20261006_v1""}, {""repeat"": 2, ""cpu"": 4, ""execution_epoch"": ""pcores_parallel_20261006_v1""}]"
6,6,conv_sequential,COMPLETE,3,"[0.04092042241245508, 0.041391825303435326, 0.040727073326706886]",0.04092042241245508,0.040727073326706886,0.041391825303435326,"[{""repeat"": 0, ""cpu"": 4, ""execution_epoch"": ""serial_cpu4_v1""}, {""repeat"": 1, ""cpu"": 5, ""execution_epoch"": ""pcores_parallel_20261006_v1""}, {""repeat"": 2, ""cpu"": 5, ""execution_epoch"": ""pcores_parallel_20261006_v1""}]"
6,6,conv_binary,COMPLETE,3,"[0.040995593182742596, 0.041415292769670486, 0.041051614098250866]",0.041051614098250866,0.040995593182742596,0.041415292769670486,"[{""repeat"": 0, ""cpu"": 4, ""execution_epoch"": ""serial_cpu4_v1""}, {""repeat"": 1, ""cpu"": 5, ""execution_epoch"": ""pcores_parallel_20261006_v1""}, {""repeat"": 2, ""cpu"": 5, ""execution_epoch"": ""pcores_parallel_20261006_v1""}]"
6,6,kronecker_binary,COMPLETE,3,"[0.041100324131548405, 0.04077601246535778, 0.04193586762994528]",0.041100324131548405,0.04077601246535778,0.04193586762994528,"[{""repeat"": 0, ""cpu"": 4, ""execution_epoch"": ""serial_cpu4_v1""}, {""repeat"": 1, ""cpu"": 7, ""execution_epoch"": ""pcores_parallel_20261006_v1""}, {""repeat"": 2, ""cpu"": 7, ""execution_epoch"": ""pcores_parallel_20261006_v1""}]"
6,6,fwht,COMPLETE,3,"[0.039877076633274555, 0.03991821501404047, 0.041273269802331924]",0.03991821501404047,0.039877076633274555,0.041273269802331924,"[{""repeat"": 0, ""cpu"": 4, ""execution_epoch"": ""serial_cpu4_v1""}, {""repeat"": 1, ""cpu"": 7, ""execution_epoch"": ""pcores_parallel_20261006_v1""}, {""repeat"": 2, ""cpu"": 7, ""execution_epoch"": ""pcores_parallel_20261006_v1""}]"
6,8,pari_cyclic,COMPLETE,3,"[0.13873972930014133, 0.13949667382985353, 0.14152445457875729]",0.13949667382985353,0.13873972930014133,0.14152445457875729,"[{""repeat"": 0, ""cpu"": 4, ""execution_epoch"": ""serial_cpu4_v1""}, {""repeat"": 1, ""cpu"": 7, ""execution_epoch"": ""pcores_parallel_20261006_v1""}, {""repeat"": 2, ""cpu"": 7, ""execution_epoch"": ""pcores_parallel_20261006_v1""}]"
6,8,conv_sequential,COMPLETE,3,"[0.041514677926898, 0.040968459099531174, 0.042242635041475296]",0.041514677926898,0.040968459099531174,0.042242635041475296,"[{""repeat"": 0, ""cpu"": 4, ""execution_epoch"": ""serial_cpu4_v1""}, {""repeat"": 1, ""cpu"": 7, ""execution_epoch"": ""pcores_parallel_20261006_v1""}, {""repeat"": 2, ""cpu"": 7, ""execution_epoch"": ""pcores_parallel_20261006_v1""}]"
6,8,conv_binary,COMPLETE,3,"[0.041085924953222275, 0.041296474635601044, 0.04051188565790653]",0.041085924953222275,0.04051188565790653,0.041296474635601044,"[{""repeat"": 0, ""cpu"": 4, ""execution_epoch"": ""serial_cpu4_v1""}, {""repeat"": 1, ""cpu"": 4, ""execution_epoch"": ""pcores_parallel_20261006_v1""}, {""repeat"": 2, ""cpu"": 4, ""execution_epoch"": ""pcores_parallel_20261006_v1""}]"
6,8,kronecker_binary,COMPLETE,3,"[0.040583981201052666, 0.04040301777422428, 0.04150663409382105]",0.040583981201052666,0.04040301777422428,0.04150663409382105,"[{""repeat"": 0, ""cpu"": 4, ""execution_epoch"": ""serial_cpu4_v1""}, {""repeat"": 1, ""cpu"": 7, ""execution_epoch"": ""pcores_parallel_20261006_v1""}, {""repeat"": 2, ""cpu"": 7, ""execution_epoch"": ""pcores_parallel_20261006_v1""}]"
6,8,fwht,COMPLETE,3,"[0.040223908610641956, 0.041006000712513924, 0.040213762782514095]",0.040223908610641956,0.040213762782514095,0.041006000712513924,"[{""repeat"": 0, ""cpu"": 4, ""execution_epoch"": ""serial_cpu4_v1""}, {""repeat"": 1, ""cpu"": 4, ""execution_epoch"": ""pcores_parallel_20261006_v1""}, {""repeat"": 2, ""cpu"": 4, ""execution_epoch"": ""pcores_parallel_20261006_v1""}]"
6,12,pari_cyclic,COMPLETE,3,"[0.13897569198161364, 0.14107878785580397, 0.13969767652451992]",0.13969767652451992,0.13897569198161364,0.14107878785580397,"[{""repeat"": 0, ""cpu"": 4, ""execution_epoch"": ""serial_cpu4_v1""}, {""repeat"": 1, ""cpu"": 5, ""execution_epoch"": ""pcores_parallel_20261006_v1""}, {""repeat"": 2, ""cpu"": 5, ""execution_epoch"": ""pcores_parallel_20261006_v1""}]"
6,12,conv_sequential,COMPLETE,3,"[0.04271721839904785, 0.042209227569401264, 0.04164216201752424]",0.042209227569401264,0.04164216201752424,0.04271721839904785,"[{""repeat"": 0, ""cpu"": 4, ""execution_epoch"": ""serial_cpu4_v1""}, {""repeat"": 1, ""cpu"": 4, ""execution_epoch"": ""pcores_parallel_20261006_v1""}, {""repeat"": 2, ""cpu"": 4, ""execution_epoch"": ""pcores_parallel_20261006_v1""}]"
6,12,conv_binary,COMPLETE,3,"[0.0414317948743701, 0.041273172944784164, 0.04104563035070896]",0.041273172944784164,0.04104563035070896,0.0414317948743701,"[{""repeat"": 0, ""cpu"": 4, ""execution_epoch"": ""serial_cpu4_v1""}, {""repeat"": 1, ""cpu"": 4, ""execution_epoch"": ""pcores_parallel_20261006_v1""}, {""repeat"": 2, ""cpu"": 4, ""execution_epoch"": ""pcores_parallel_20261006_v1""}]"
6,12,kronecker_binary,COMPLETE,3,"[0.04055198561400175, 0.04063042625784874, 0.0417132917791605]",0.04063042625784874,0.04055198561400175,0.0417132917791605,"[{""repeat"": 0, ""cpu"": 4, ""execution_epoch"": ""serial_cpu4_v1""}, {""repeat"": 1, ""cpu"": 7, ""execution_epoch"": ""pcores_parallel_20261006_v1""}, {""repeat"": 2, ""cpu"": 7, ""execution_epoch"": ""pcores_parallel_20261006_v1""}]"
6,12,fwht,COMPLETE,3,"[0.04065507743507624, 0.041081043891608715, 0.040743802674114704]",0.040743802674114704,0.04065507743507624,0.041081043891608715,"[{""repeat"": 0, ""cpu"": 4, ""execution_epoch"": ""serial_cpu4_v1""}, {""repeat"": 1, ""cpu"": 5, ""execution_epoch"": ""pcores_parallel_20261006_v1""}, {""repeat"": 2, ""cpu"": 5, ""execution_epoch"": ""pcores_parallel_20261006_v1""}]"
6,16,pari_cyclic,COMPLETE,3,"[0.13870841544121504, 0.13967558182775974, 0.1416717767715454]",0.13967558182775974,0.13870841544121504,0.1416717767715454,"[{""repeat"": 0, ""cpu"": 4, ""execution_epoch"": ""serial_cpu4_v1""}, {""repeat"": 1, ""cpu"": 7, ""execution_epoch"": ""pcores_parallel_20261006_v1""}, {""repeat"": 2, ""cpu"": 7, ""execution_epoch"": ""pcores_parallel_20261006_v1""}]"
6,16,conv_sequential,COMPLETE,3,"[0.042848292738199234, 0.043039665557444096, 0.04268018249422312]",0.042848292738199234,0.04268018249422312,0.043039665557444096,"[{""repeat"": 0, ""cpu"": 4, ""execution_epoch"": ""serial_cpu4_v1""}, {""repeat"": 1, ""cpu"": 4, ""execution_epoch"": ""pcores_parallel_20261006_v1""}, {""repeat"": 2, ""cpu"": 4, ""execution_epoch"": ""pcores_parallel_20261006_v1""}]"
6,16,conv_binary,COMPLETE,3,"[0.04112548101693392, 0.040995215997099876, 0.04191584885120392]",0.04112548101693392,0.040995215997099876,0.04191584885120392,"[{""repeat"": 0, ""cpu"": 4, ""execution_epoch"": ""serial_cpu4_v1""}, {""repeat"": 1, ""cpu"": 7, ""execution_epoch"": ""pcores_parallel_20261006_v1""}, {""repeat"": 2, ""cpu"": 7, ""execution_epoch"": ""pcores_parallel_20261006_v1""}]"
6,16,kronecker_binary,COMPLETE,3,"[0.041016021743416786, 0.04104055371135473, 0.04136234242469072]",0.04104055371135473,0.041016021743416786,0.04136234242469072,"[{""repeat"": 0, ""cpu"": 4, ""execution_epoch"": ""serial_cpu4_v1""}, {""repeat"": 1, ""cpu"": 5, ""execution_epoch"": ""pcores_parallel_20261006_v1""}, {""repeat"": 2, ""cpu"": 5, ""execution_epoch"": ""pcores_parallel_20261006_v1""}]"
6,16,fwht,COMPLETE,3,"[0.04014085605740547, 0.040947457775473595, 0.040168638341128826]",0.040168638341128826,0.04014085605740547,0.040947457775473595,"[{""repeat"": 0, ""cpu"": 4, ""execution_epoch"": ""serial_cpu4_v1""}, {""repeat"": 1, ""cpu"": 4, ""execution_epoch"": ""pcores_parallel_20261006_v1""}, {""repeat"": 2, ""cpu"": 4, ""execution_epoch"": ""pcores_parallel_20261006_v1""}]"
8,4,pari_cyclic,COMPLETE,3,"[0.13850514590740204, 0.14113651867955923, 0.13998759910464287]",0.13998759910464287,0.13850514590740204,0.14113651867955923,"[{""repeat"": 0, ""cpu"": 4, ""execution_epoch"": ""serial_cpu4_v1""}, {""repeat"": 1, ""cpu"": 4, ""execution_epoch"": ""pcores_parallel_20261006_v1""}, {""repeat"": 2, ""cpu"": 4, ""execution_epoch"": ""pcores_parallel_20261006_v1""}]"
8,4,conv_sequential,COMPLETE,3,"[0.04728900548070669, 0.049061200581490993, 0.0481316726654768]",0.0481316726654768,0.04728900548070669,0.049061200581490993,"[{""repeat"": 0, ""cpu"": 4, ""execution_epoch"": ""serial_cpu4_v1""}, {""repeat"": 1, ""cpu"": 4, ""execution_epoch"": ""pcores_parallel_20261006_v1""}, {""repeat"": 2, ""cpu"": 4, ""execution_epoch"": ""pcores_parallel_20261006_v1""}]"
8,4,conv_binary,COMPLETE,3,"[0.047640384174883366, 0.0483201676979661, 0.04796405881643295]",0.04796405881643295,0.047640384174883366,0.0483201676979661,"[{""repeat"": 0, ""cpu"": 4, ""execution_epoch"": ""serial_cpu4_v1""}, {""repeat"": 1, ""cpu"": 5, ""execution_epoch"": ""pcores_parallel_20261006_v1""}, {""repeat"": 2, ""cpu"": 5, ""execution_epoch"": ""pcores_parallel_20261006_v1""}]"
8,4,kronecker_binary,COMPLETE,3,"[0.04200027324259281, 0.04204937070608139, 0.04192048404365778]",0.04200027324259281,0.04192048404365778,0.04204937070608139,"[{""repeat"": 0, ""cpu"": 4, ""execution_epoch"": ""serial_cpu4_v1""}, {""repeat"": 1, ""cpu"": 5, ""execution_epoch"": ""pcores_parallel_20261006_v1""}, {""repeat"": 2, ""cpu"": 5, ""execution_epoch"": ""pcores_parallel_20261006_v1""}]"
8,4,fwht,COMPLETE,3,"[0.0409093601629138, 0.04064775537699461, 0.04171266686171293]",0.0409093601629138,0.04064775537699461,0.04171266686171293,"[{""repeat"": 0, ""cpu"": 4, ""execution_epoch"": ""serial_cpu4_v1""}, {""repeat"": 1, ""cpu"": 7, ""execution_epoch"": ""pcores_parallel_20261006_v1""}, {""repeat"": 2, ""cpu"": 7, ""execution_epoch"": ""pcores_parallel_20261006_v1""}]"
8,6,pari_cyclic,COMPLETE,3,"[0.13948463834822178, 0.14183946885168552, 0.14146736729890108]",0.14146736729890108,0.13948463834822178,0.14183946885168552,"[{""repeat"": 0, ""cpu"": 4, ""execution_epoch"": ""serial_cpu4_v1""}, {""repeat"": 1, ""cpu"": 5, ""execution_epoch"": ""pcores_parallel_20261006_v1""}, {""repeat"": 2, ""cpu"": 5, ""execution_epoch"": ""pcores_parallel_20261006_v1""}]"
8,6,conv_sequential,COMPLETE,3,"[0.053382713347673416, 0.053133321925997734, 0.05457240715622902]",0.053382713347673416,0.053133321925997734,0.05457240715622902,"[{""repeat"": 0, ""cpu"": 4, ""execution_epoch"": ""serial_cpu4_v1""}, {""repeat"": 1, ""cpu"": 7, ""execution_epoch"": ""pcores_parallel_20261006_v1""}, {""repeat"": 2, ""cpu"": 7, ""execution_epoch"": ""pcores_parallel_20261006_v1""}]"
8,6,conv_binary,COMPLETE,3,"[0.05041767098009586, 0.05068124085664749, 0.050932612270116806]",0.05068124085664749,0.05041767098009586,0.050932612270116806,"[{""repeat"": 0, ""cpu"": 4, ""execution_epoch"": ""serial_cpu4_v1""}, {""repeat"": 1, ""cpu"": 7, ""execution_epoch"": ""pcores_parallel_20261006_v1""}, {""repeat"": 2, ""cpu"": 7, ""execution_epoch"": ""pcores_parallel_20261006_v1""}]"
8,6,kronecker_binary,COMPLETE,3,"[0.04210466053336859, 0.0424109548330307, 0.041548329405486584]",0.04210466053336859,0.041548329405486584,0.0424109548330307,"[{""repeat"": 0, ""cpu"": 4, ""execution_epoch"": ""serial_cpu4_v1""}, {""repeat"": 1, ""cpu"": 4, ""execution_epoch"": ""pcores_parallel_20261006_v1""}, {""repeat"": 2, ""cpu"": 4, ""execution_epoch"": ""pcores_parallel_20261006_v1""}]"
8,6,fwht,COMPLETE,3,"[0.040597185492515564, 0.0412729037925601, 0.04043117817491293]",0.040597185492515564,0.04043117817491293,0.0412729037925601,"[{""repeat"": 0, ""cpu"": 4, ""execution_epoch"": ""serial_cpu4_v1""}, {""repeat"": 1, ""cpu"": 4, ""execution_epoch"": ""pcores_parallel_20261006_v1""}, {""repeat"": 2, ""cpu"": 4, ""execution_epoch"": ""pcores_parallel_20261006_v1""}]"
8,8,pari_cyclic,COMPLETE,3,"[0.13995886873453856, 0.14181796461343765, 0.14124775491654873]",0.14124775491654873,0.13995886873453856,0.14181796461343765,"[{""repeat"": 0, ""cpu"": 4, ""execution_epoch"": ""serial_cpu4_v1""}, {""repeat"": 1, ""cpu"": 5, ""execution_epoch"": ""pcores_parallel_20261006_v1""}, {""repeat"": 2, ""cpu"": 5, ""execution_epoch"": ""pcores_parallel_20261006_v1""}]"
8,8,conv_sequential,COMPLETE,3,"[0.058362689800560474, 0.05800099577754736, 0.05941137857735157]",0.058362689800560474,0.05800099577754736,0.05941137857735157,"[{""repeat"": 0, ""cpu"": 4, ""execution_epoch"": ""serial_cpu4_v1""}, {""repeat"": 1, ""cpu"": 7, ""execution_epoch"": ""pcores_parallel_20261006_v1""}, {""repeat"": 2, ""cpu"": 7, ""execution_epoch"": ""pcores_parallel_20261006_v1""}]"
8,8,conv_binary,COMPLETE,3,"[0.0491450410336256, 0.05091001093387604, 0.050359862856566906]",0.050359862856566906,0.0491450410336256,0.05091001093387604,"[{""repeat"": 0, ""cpu"": 4, ""execution_epoch"": ""serial_cpu4_v1""}, {""repeat"": 1, ""cpu"": 4, ""execution_epoch"": ""pcores_parallel_20261006_v1""}, {""repeat"": 2, ""cpu"": 4, ""execution_epoch"": ""pcores_parallel_20261006_v1""}]"
8,8,kronecker_binary,COMPLETE,3,"[0.04182067885994911, 0.041500285267829895, 0.04293405544012785]",0.04182067885994911,0.041500285267829895,0.04293405544012785,"[{""repeat"": 0, ""cpu"": 4, ""execution_epoch"": ""serial_cpu4_v1""}, {""repeat"": 1, ""cpu"": 7, ""execution_epoch"": ""pcores_parallel_20261006_v1""}, {""repeat"": 2, ""cpu"": 7, ""execution_epoch"": ""pcores_parallel_20261006_v1""}]"
8,8,fwht,COMPLETE,3,"[0.04010534565895796, 0.040417300537228584, 0.04185367841273546]",0.040417300537228584,0.04010534565895796,0.04185367841273546,"[{""repeat"": 0, ""cpu"": 4, ""execution_epoch"": ""serial_cpu4_v1""}, {""repeat"": 1, ""cpu"": 7, ""execution_epoch"": ""pcores_parallel_20261006_v1""}, {""repeat"": 2, ""cpu"": 7, ""execution_epoch"": ""pcores_parallel_20261006_v1""}]"
8,12,pari_cyclic,COMPLETE,3,"[0.14021320641040802, 0.14085491467267275, 0.14287724625319242]",0.14085491467267275,0.14021320641040802,0.14287724625319242,"[{""repeat"": 0, ""cpu"": 4, ""execution_epoch"": ""serial_cpu4_v1""}, {""repeat"": 1, ""cpu"": 7, ""execution_epoch"": ""pcores_parallel_20261006_v1""}, {""repeat"": 2, ""cpu"": 7, ""execution_epoch"": ""pcores_parallel_20261006_v1""}]"
8,12,conv_sequential,COMPLETE,3,"[0.06783445458859205, 0.06878098100423813, 0.07023070845752954]",0.06878098100423813,0.06783445458859205,0.07023070845752954,"[{""repeat"": 0, ""cpu"": 4, ""execution_epoch"": ""serial_cpu4_v1""}, {""repeat"": 1, ""cpu"": 7, ""execution_epoch"": ""pcores_parallel_20261006_v1""}, {""repeat"": 2, ""cpu"": 7, ""execution_epoch"": ""pcores_parallel_20261006_v1""}]"
8,12,conv_binary,COMPLETE,3,"[0.05158556066453457, 0.053220652975142, 0.05338818021118641]",0.053220652975142,0.05158556066453457,0.05338818021118641,"[{""repeat"": 0, ""cpu"": 4, ""execution_epoch"": ""serial_cpu4_v1""}, {""repeat"": 1, ""cpu"": 5, ""execution_epoch"": ""pcores_parallel_20261006_v1""}, {""repeat"": 2, ""cpu"": 5, ""execution_epoch"": ""pcores_parallel_20261006_v1""}]"
8,12,kronecker_binary,COMPLETE,3,"[0.04121998604387045, 0.042025608010590076, 0.04324628505855799]",0.042025608010590076,0.04121998604387045,0.04324628505855799,"[{""repeat"": 0, ""cpu"": 4, ""execution_epoch"": ""serial_cpu4_v1""}, {""repeat"": 1, ""cpu"": 7, ""execution_epoch"": ""pcores_parallel_20261006_v1""}, {""repeat"": 2, ""cpu"": 7, ""execution_epoch"": ""pcores_parallel_20261006_v1""}]"
8,12,fwht,COMPLETE,3,"[0.04145073797553778, 0.041622613556683064, 0.04082486778497696]",0.04145073797553778,0.04082486778497696,0.041622613556683064,"[{""repeat"": 0, ""cpu"": 4, ""execution_epoch"": ""serial_cpu4_v1""}, {""repeat"": 1, ""cpu"": 4, ""execution_epoch"": ""pcores_parallel_20261006_v1""}, {""repeat"": 2, ""cpu"": 4, ""execution_epoch"": ""pcores_parallel_20261006_v1""}]"
8,16,pari_cyclic,COMPLETE,3,"[0.14086373895406723, 0.1419927952811122, 0.14056950714439154]",0.14086373895406723,0.14056950714439154,0.1419927952811122,"[{""repeat"": 0, ""cpu"": 4, ""execution_epoch"": ""serial_cpu4_v1""}, {""repeat"": 1, ""cpu"": 4, ""execution_epoch"": ""pcores_parallel_20261006_v1""}, {""repeat"": 2, ""cpu"": 4, ""execution_epoch"": ""pcores_parallel_20261006_v1""}]"
8,16,conv_sequential,COMPLETE,3,"[0.08047038968652487, 0.08044297434389591, 0.08000413421541452]",0.08044297434389591,0.08000413421541452,0.08047038968652487,"[{""repeat"": 0, ""cpu"": 4, ""execution_epoch"": ""serial_cpu4_v1""}, {""repeat"": 1, ""cpu"": 4, ""execution_epoch"": ""pcores_parallel_20261006_v1""}, {""repeat"": 2, ""cpu"": 4, ""execution_epoch"": ""pcores_parallel_20261006_v1""}]"
8,16,conv_binary,COMPLETE,3,"[0.054090860299766064, 0.05366564728319645, 0.053087021224200726]",0.05366564728319645,0.053087021224200726,0.054090860299766064,"[{""repeat"": 0, ""cpu"": 4, ""execution_epoch"": ""serial_cpu4_v1""}, {""repeat"": 1, ""cpu"": 4, ""execution_epoch"": ""pcores_parallel_20261006_v1""}, {""repeat"": 2, ""cpu"": 4, ""execution_epoch"": ""pcores_parallel_20261006_v1""}]"
8,16,kronecker_binary,COMPLETE,3,"[0.04277168121188879, 0.04242126177996397, 0.04221047926694155]",0.04242126177996397,0.04221047926694155,0.04277168121188879,"[{""repeat"": 0, ""cpu"": 4, ""execution_epoch"": ""serial_cpu4_v1""}, {""repeat"": 1, ""cpu"": 5, ""execution_epoch"": ""pcores_parallel_20261006_v1""}, {""repeat"": 2, ""cpu"": 5, ""execution_epoch"": ""pcores_parallel_20261006_v1""}]"
8,16,fwht,COMPLETE,3,"[0.042060939595103264, 0.042044482193887234, 0.04136562440544367]",0.042044482193887234,0.04136562440544367,0.042060939595103264,"[{""repeat"": 0, ""cpu"": 4, ""execution_epoch"": ""serial_cpu4_v1""}, {""repeat"": 1, ""cpu"": 5, ""execution_epoch"": ""pcores_parallel_20261006_v1""}, {""repeat"": 2, ""cpu"": 5, ""execution_epoch"": ""pcores_parallel_20261006_v1""}]"
12,4,pari_cyclic,COMPLETE,3,"[0.2846078798174858, 0.2832678696140647, 0.2839217483997345]",0.2839217483997345,0.2832678696140647,0.2846078798174858,"[{""repeat"": 0, ""cpu"": 4, ""execution_epoch"": ""serial_cpu4_v1""}, {""repeat"": 1, ""cpu"": 5, ""execution_epoch"": ""pcores_parallel_20261006_v1""}, {""repeat"": 2, ""cpu"": 5, ""execution_epoch"": ""pcores_parallel_20261006_v1""}]"
12,4,conv_sequential,COMPLETE,3,"[2.257249053567648, 2.2644863184541464, 2.2581309797242284]",2.2581309797242284,2.257249053567648,2.2644863184541464,"[{""repeat"": 0, ""cpu"": 4, ""execution_epoch"": ""serial_cpu4_v1""}, {""repeat"": 1, ""cpu"": 4, ""execution_epoch"": ""pcores_parallel_20261006_v1""}, {""repeat"": 2, ""cpu"": 4, ""execution_epoch"": ""pcores_parallel_20261006_v1""}]"
12,4,conv_binary,COMPLETE,3,"[2.112648870795965, 2.148754452355206, 2.147684562020004]",2.147684562020004,2.112648870795965,2.148754452355206,"[{""repeat"": 0, ""cpu"": 4, ""execution_epoch"": ""serial_cpu4_v1""}, {""repeat"": 1, ""cpu"": 7, ""execution_epoch"": ""pcores_parallel_20261006_v1""}, {""repeat"": 2, ""cpu"": 7, ""execution_epoch"": ""pcores_parallel_20261006_v1""}]"
12,4,kronecker_binary,COMPLETE,3,"[0.08729200158268213, 0.08789521642029285, 0.08784593641757965]",0.08784593641757965,0.08729200158268213,0.08789521642029285,"[{""repeat"": 0, ""cpu"": 4, ""execution_epoch"": ""serial_cpu4_v1""}, {""repeat"": 1, ""cpu"": 7, ""execution_epoch"": ""pcores_parallel_20261006_v1""}, {""repeat"": 2, ""cpu"": 7, ""execution_epoch"": ""pcores_parallel_20261006_v1""}]"
12,4,fwht,COMPLETE,3,"[0.04750791285187006, 0.04788667894899845, 0.04821487981826067]",0.04788667894899845,0.04750791285187006,0.04821487981826067,"[{""repeat"": 0, ""cpu"": 4, ""execution_epoch"": ""serial_cpu4_v1""}, {""repeat"": 1, ""cpu"": 7, ""execution_epoch"": ""pcores_parallel_20261006_v1""}, {""repeat"": 2, ""cpu"": 7, ""execution_epoch"": ""pcores_parallel_20261006_v1""}]"
12,6,pari_cyclic,COMPLETE,3,"[0.35742792673408985, 0.3536924282088876, 0.3538133082911372]",0.3538133082911372,0.3536924282088876,0.35742792673408985,"[{""repeat"": 0, ""cpu"": 4, ""execution_epoch"": ""serial_cpu4_v1""}, {""repeat"": 1, ""cpu"": 4, ""execution_epoch"": ""pcores_parallel_20261006_v1""}, {""repeat"": 2, ""cpu"": 4, ""execution_epoch"": ""pcores_parallel_20261006_v1""}]"
12,6,conv_sequential,COMPLETE,3,"[3.7981357779353857, 4.066265895962715, 3.8131155781447887]",3.8131155781447887,3.7981357779353857,4.066265895962715,"[{""repeat"": 0, ""cpu"": 4, ""execution_epoch"": ""serial_cpu4_v1""}, {""repeat"": 1, ""cpu"": 5, ""execution_epoch"": ""pcores_parallel_20261006_v1""}, {""repeat"": 2, ""cpu"": 5, ""execution_epoch"": ""pcores_parallel_20261006_v1""}]"
12,6,conv_binary,COMPLETE,3,"[3.0455094631761312, 2.9359174706041813, 2.962123275734484]",2.962123275734484,2.9359174706041813,3.0455094631761312,"[{""repeat"": 0, ""cpu"": 4, ""execution_epoch"": ""serial_cpu4_v1""}, {""repeat"": 1, ""cpu"": 4, ""execution_epoch"": ""pcores_parallel_20261006_v1""}, {""repeat"": 2, ""cpu"": 4, ""execution_epoch"": ""pcores_parallel_20261006_v1""}]"
12,6,kronecker_binary,COMPLETE,3,"[0.09351564291864634, 0.09202862996608019, 0.09277858678251505]",0.09277858678251505,0.09202862996608019,0.09351564291864634,"[{""repeat"": 0, ""cpu"": 4, ""execution_epoch"": ""serial_cpu4_v1""}, {""repeat"": 1, ""cpu"": 4, ""execution_epoch"": ""pcores_parallel_20261006_v1""}, {""repeat"": 2, ""cpu"": 4, ""execution_epoch"": ""pcores_parallel_20261006_v1""}]"
12,6,fwht,COMPLETE,3,"[0.0510272728279233, 0.05083975940942764, 0.050240819342434406]",0.05083975940942764,0.050240819342434406,0.0510272728279233,"[{""repeat"": 0, ""cpu"": 4, ""execution_epoch"": ""serial_cpu4_v1""}, {""repeat"": 1, ""cpu"": 5, ""execution_epoch"": ""pcores_parallel_20261006_v1""}, {""repeat"": 2, ""cpu"": 5, ""execution_epoch"": ""pcores_parallel_20261006_v1""}]"
12,8,pari_cyclic,COMPLETE,3,"[0.35370301734656096, 0.35474183037877083, 0.3531632134690881]",0.35370301734656096,0.3531632134690881,0.35474183037877083,"[{""repeat"": 0, ""cpu"": 4, ""execution_epoch"": ""serial_cpu4_v1""}, {""repeat"": 1, ""cpu"": 4, ""execution_epoch"": ""pcores_parallel_20261006_v1""}, {""repeat"": 2, ""cpu"": 4, ""execution_epoch"": ""pcores_parallel_20261006_v1""}]"
12,8,conv_sequential,COMPLETE,3,"[5.652275306172669, 5.631144050508738, 5.610457057133317]",5.631144050508738,5.610457057133317,5.652275306172669,"[{""repeat"": 0, ""cpu"": 4, ""execution_epoch"": ""serial_cpu4_v1""}, {""repeat"": 1, ""cpu"": 5, ""execution_epoch"": ""pcores_parallel_20261006_v1""}, {""repeat"": 2, ""cpu"": 5, ""execution_epoch"": ""pcores_parallel_20261006_v1""}]"
12,8,conv_binary,COMPLETE,3,"[3.054123280569911, 3.0573613457381725, 3.1685960311442614]",3.0573613457381725,3.054123280569911,3.1685960311442614,"[{""repeat"": 0, ""cpu"": 4, ""execution_epoch"": ""serial_cpu4_v1""}, {""repeat"": 1, ""cpu"": 5, ""execution_epoch"": ""pcores_parallel_20261006_v1""}, {""repeat"": 2, ""cpu"": 5, ""execution_epoch"": ""pcores_parallel_20261006_v1""}]"
12,8,kronecker_binary,COMPLETE,3,"[0.0930046122521162, 0.09157725144177675, 0.09172744955867529]",0.09172744955867529,0.09157725144177675,0.0930046122521162,"[{""repeat"": 0, ""cpu"": 4, ""execution_epoch"": ""serial_cpu4_v1""}, {""repeat"": 1, ""cpu"": 5, ""execution_epoch"": ""pcores_parallel_20261006_v1""}, {""repeat"": 2, ""cpu"": 5, ""execution_epoch"": ""pcores_parallel_20261006_v1""}]"
12,8,fwht,COMPLETE,3,"[0.05569220148026943, 0.055948118679225445, 0.055775885470211506]",0.055775885470211506,0.05569220148026943,0.055948118679225445,"[{""repeat"": 0, ""cpu"": 4, ""execution_epoch"": ""serial_cpu4_v1""}, {""repeat"": 1, ""cpu"": 7, ""execution_epoch"": ""pcores_parallel_20261006_v1""}, {""repeat"": 2, ""cpu"": 7, ""execution_epoch"": ""pcores_parallel_20261006_v1""}]"
12,12,pari_cyclic,COMPLETE,3,"[0.427427907474339, 0.42939188703894615, 0.4298504972830415]",0.42939188703894615,0.427427907474339,0.4298504972830415,"[{""repeat"": 0, ""cpu"": 4, ""execution_epoch"": ""serial_cpu4_v1""}, {""repeat"": 1, ""cpu"": 7, ""execution_epoch"": ""pcores_parallel_20261006_v1""}, {""repeat"": 2, ""cpu"": 7, ""execution_epoch"": ""pcores_parallel_20261006_v1""}]"
12,12,conv_sequential,COMPLETE,3,"[9.1302705174312, 9.670890990644693, 9.17994537204504]",9.17994537204504,9.1302705174312,9.670890990644693,"[{""repeat"": 0, ""cpu"": 4, ""execution_epoch"": ""serial_cpu4_v1""}, {""repeat"": 1, ""cpu"": 4, ""execution_epoch"": ""pcores_parallel_20261006_v1""}, {""repeat"": 2, ""cpu"": 4, ""execution_epoch"": ""pcores_parallel_20261006_v1""}]"
12,12,conv_binary,COMPLETE,3,"[4.021418184041977, 4.066407765261829, 4.080634544603527]",4.066407765261829,4.021418184041977,4.080634544603527,"[{""repeat"": 0, ""cpu"": 4, ""execution_epoch"": ""serial_cpu4_v1""}, {""repeat"": 1, ""cpu"": 4, ""execution_epoch"": ""pcores_parallel_20261006_v1""}, {""repeat"": 2, ""cpu"": 4, ""execution_epoch"": ""pcores_parallel_20261006_v1""}]"
12,12,kronecker_binary,COMPLETE,3,"[0.10172747168689966, 0.1012073578312993, 0.10130840260535479]",0.10130840260535479,0.1012073578312993,0.10172747168689966,"[{""repeat"": 0, ""cpu"": 4, ""execution_epoch"": ""serial_cpu4_v1""}, {""repeat"": 1, ""cpu"": 7, ""execution_epoch"": ""pcores_parallel_20261006_v1""}, {""repeat"": 2, ""cpu"": 7, ""execution_epoch"": ""pcores_parallel_20261006_v1""}]"
12,12,fwht,COMPLETE,3,"[0.06446594186127186, 0.06388678029179573, 0.0636336226016283]",0.06388678029179573,0.0636336226016283,0.06446594186127186,"[{""repeat"": 0, ""cpu"": 4, ""execution_epoch"": ""serial_cpu4_v1""}, {""repeat"": 1, ""cpu"": 4, ""execution_epoch"": ""pcores_parallel_20261006_v1""}, {""repeat"": 2, ""cpu"": 4, ""execution_epoch"": ""pcores_parallel_20261006_v1""}]"
12,16,pari_cyclic,COMPLETE,3,"[0.42982617765665054, 0.4276660392060876, 0.4226981205865741]",0.4276660392060876,0.4226981205865741,0.42982617765665054,"[{""repeat"": 0, ""cpu"": 4, ""execution_epoch"": ""serial_cpu4_v1""}, {""repeat"": 1, ""cpu"": 5, ""execution_epoch"": ""pcores_parallel_20261006_v1""}, {""repeat"": 2, ""cpu"": 5, ""execution_epoch"": ""pcores_parallel_20261006_v1""}]"
12,16,conv_sequential,COMPLETE,3,"[12.477171687409282, 12.44248385168612, 12.293765125796199]",12.44248385168612,12.293765125796199,12.477171687409282,"[{""repeat"": 0, ""cpu"": 4, ""execution_epoch"": ""serial_cpu4_v1""}, {""repeat"": 1, ""cpu"": 5, ""execution_epoch"": ""pcores_parallel_20261006_v1""}, {""repeat"": 2, ""cpu"": 5, ""execution_epoch"": ""pcores_parallel_20261006_v1""}]"
12,16,conv_binary,COMPLETE,3,"[3.9304200876504183, 3.9424623865634203, 3.911984633654356]",3.9304200876504183,3.911984633654356,3.9424623865634203,"[{""repeat"": 0, ""cpu"": 4, ""execution_epoch"": ""serial_cpu4_v1""}, {""repeat"": 1, ""cpu"": 5, ""execution_epoch"": ""pcores_parallel_20261006_v1""}, {""repeat"": 2, ""cpu"": 5, ""execution_epoch"": ""pcores_parallel_20261006_v1""}]"
12,16,kronecker_binary,COMPLETE,3,"[0.10133185889571905, 0.10108543932437897, 0.10014752112329006]",0.10108543932437897,0.10014752112329006,0.10133185889571905,"[{""repeat"": 0, ""cpu"": 4, ""execution_epoch"": ""serial_cpu4_v1""}, {""repeat"": 1, ""cpu"": 5, ""execution_epoch"": ""pcores_parallel_20261006_v1""}, {""repeat"": 2, ""cpu"": 5, ""execution_epoch"": ""pcores_parallel_20261006_v1""}]"
12,16,fwht,COMPLETE,3,"[0.0712768854573369, 0.07121975161135197, 0.0695999227464199]",0.07121975161135197,0.0695999227464199,0.0712768854573369,"[{""repeat"": 0, ""cpu"": 4, ""execution_epoch"": ""serial_cpu4_v1""}, {""repeat"": 1, ""cpu"": 5, ""execution_epoch"": ""pcores_parallel_20261006_v1""}, {""repeat"": 2, ""cpu"": 5, ""execution_epoch"": ""pcores_parallel_20261006_v1""}]"
16,4,pari_cyclic,COMPLETE,3,"[36.67685577273369, 36.17801197618246, 36.491848366335034]",36.491848366335034,36.17801197618246,36.67685577273369,"[{""repeat"": 0, ""cpu"": 4, ""execution_epoch"": ""serial_cpu4_v1""}, {""repeat"": 1, ""cpu"": 4, ""execution_epoch"": ""pcores_parallel_20261006_v1""}, {""repeat"": 2, ""cpu"": 4, ""execution_epoch"": ""pcores_parallel_20261006_v1""}]"
16,4,conv_sequential,COMPLETE,3,"[620.7331883646548, 628.5456034978852, 630.5968045489863]",628.5456034978852,620.7331883646548,630.5968045489863,"[{""repeat"": 0, ""cpu"": 4, ""execution_epoch"": ""serial_cpu4_v1""}, {""repeat"": 1, ""cpu"": 6, ""execution_epoch"": ""pcores_parallel_20261006_v1""}, {""repeat"": 2, ""cpu"": 6, ""execution_epoch"": ""pcores_parallel_20261006_v1""}]"
16,4,conv_binary,COMPLETE,3,"[566.3655127119273, 579.8515052041039, 583.0239128954709]",579.8515052041039,566.3655127119273,583.0239128954709,"[{""repeat"": 0, ""cpu"": 4, ""execution_epoch"": ""serial_cpu4_v1""}, {""repeat"": 1, ""cpu"": 7, ""execution_epoch"": ""pcores_parallel_20261006_v1""}, {""repeat"": 2, ""cpu"": 7, ""execution_epoch"": ""pcores_parallel_20261006_v1""}]"
16,4,kronecker_binary,COMPLETE,3,"[1.436716434545815, 1.4343179957941175, 1.4244487565010786]",1.4343179957941175,1.4244487565010786,1.436716434545815,"[{""repeat"": 0, ""cpu"": 4, ""execution_epoch"": ""serial_cpu4_v1""}, {""repeat"": 1, ""cpu"": 5, ""execution_epoch"": ""pcores_parallel_20261006_v1""}, {""repeat"": 2, ""cpu"": 5, ""execution_epoch"": ""pcores_parallel_20261006_v1""}]"
16,4,fwht,COMPLETE,3,"[0.1788902934640646, 0.1796229826286435, 0.1777603067457676]",0.1788902934640646,0.1777603067457676,0.1796229826286435,"[{""repeat"": 0, ""cpu"": 4, ""execution_epoch"": ""serial_cpu4_v1""}, {""repeat"": 1, ""cpu"": 7, ""execution_epoch"": ""pcores_parallel_20261006_v1""}, {""repeat"": 2, ""cpu"": 7, ""execution_epoch"": ""pcores_parallel_20261006_v1""}]"
16,6,pari_cyclic,COMPLETE,3,"[54.50013444758952, 54.990169676952064, 54.452131058089435]",54.50013444758952,54.452131058089435,54.990169676952064,"[{""repeat"": 0, ""cpu"": 6, ""execution_epoch"": ""pcores_parallel_20261006_v1""}, {""repeat"": 1, ""cpu"": 6, ""execution_epoch"": ""pcores_parallel_20261006_v1""}, {""repeat"": 2, ""cpu"": 6, ""execution_epoch"": ""pcores_parallel_20261006_v1""}]"
16,6,conv_sequential,COMPLETE,3,"[1157.9795370968059, 1189.3339260425419, 1171.9896156182513]",1171.9896156182513,1157.9795370968059,1189.3339260425419,"[{""repeat"": 0, ""cpu"": 6, ""execution_epoch"": ""pcores_parallel_20261006_v1""}, {""repeat"": 1, ""cpu"": 6, ""execution_epoch"": ""pcores_parallel_20261006_v1""}, {""repeat"": 2, ""cpu"": 6, ""execution_epoch"": ""pcores_parallel_20261006_v1""}]"
16,6,conv_binary,COMPLETE,3,"[867.4505742816254, 888.2043469892815, 875.2259982964024]",875.2259982964024,867.4505742816254,888.2043469892815,"[{""repeat"": 0, ""cpu"": 5, ""execution_epoch"": ""pcores_parallel_20261006_v1""}, {""repeat"": 1, ""cpu"": 5, ""execution_epoch"": ""pcores_parallel_20261006_v1""}, {""repeat"": 2, ""cpu"": 5, ""execution_epoch"": ""pcores_parallel_20261006_v1""}]"
16,6,kronecker_binary,COMPLETE,3,"[1.791630164720118, 1.7875172542408109, 1.7994893761351705]",1.791630164720118,1.7875172542408109,1.7994893761351705,"[{""repeat"": 0, ""cpu"": 7, ""execution_epoch"": ""pcores_parallel_20261006_v1""}, {""repeat"": 1, ""cpu"": 7, ""execution_epoch"": ""pcores_parallel_20261006_v1""}, {""repeat"": 2, ""cpu"": 7, ""execution_epoch"": ""pcores_parallel_20261006_v1""}]"
16,6,fwht,COMPLETE,3,"[0.2707466520369053, 0.27935124933719635, 0.2691047452390194]",0.2707466520369053,0.2691047452390194,0.27935124933719635,"[{""repeat"": 0, ""cpu"": 5, ""execution_epoch"": ""pcores_parallel_20261006_v1""}, {""repeat"": 1, ""cpu"": 5, ""execution_epoch"": ""pcores_parallel_20261006_v1""}, {""repeat"": 2, ""cpu"": 5, ""execution_epoch"": ""pcores_parallel_20261006_v1""}]"
16,8,pari_cyclic,COMPLETE,3,"[54.48728225659579, 54.586393686942756, 54.40361012518406]",54.48728225659579,54.40361012518406,54.586393686942756,"[{""repeat"": 0, ""cpu"": 7, ""execution_epoch"": ""pcores_parallel_20261006_v1""}, {""repeat"": 1, ""cpu"": 7, ""execution_epoch"": ""pcores_parallel_20261006_v1""}, {""repeat"": 2, ""cpu"": 7, ""execution_epoch"": ""pcores_parallel_20261006_v1""}]"
16,8,conv_sequential,COMPLETE,3,"[1674.6093094879761, 1708.6051595145836, 1665.6013132631779]",1674.6093094879761,1665.6013132631779,1708.6051595145836,"[{""repeat"": 0, ""cpu"": 5, ""execution_epoch"": ""pcores_parallel_20261006_v1""}, {""repeat"": 1, ""cpu"": 5, ""execution_epoch"": ""pcores_parallel_20261006_v1""}, {""repeat"": 2, ""cpu"": 5, ""execution_epoch"": ""pcores_parallel_20261006_v1""}]"
16,8,conv_binary,COMPLETE,3,"[883.3930001389235, 887.7477716784924, 863.3788779685274]",883.3930001389235,863.3788779685274,887.7477716784924,"[{""repeat"": 0, ""cpu"": 6, ""execution_epoch"": ""pcores_parallel_20261006_v1""}, {""repeat"": 1, ""cpu"": 6, ""execution_epoch"": ""pcores_parallel_20261006_v1""}, {""repeat"": 2, ""cpu"": 6, ""execution_epoch"": ""pcores_parallel_20261006_v1""}]"
16,8,kronecker_binary,COMPLETE,3,"[1.7803062666207552, 1.774453234858811, 1.7809017850086093]",1.7803062666207552,1.774453234858811,1.7809017850086093,"[{""repeat"": 0, ""cpu"": 5, ""execution_epoch"": ""pcores_parallel_20261006_v1""}, {""repeat"": 1, ""cpu"": 5, ""execution_epoch"": ""pcores_parallel_20261006_v1""}, {""repeat"": 2, ""cpu"": 5, ""execution_epoch"": ""pcores_parallel_20261006_v1""}]"
16,8,fwht,COMPLETE,3,"[0.3674527555704117, 0.3648361451923847, 0.3656615009531379]",0.3656615009531379,0.3648361451923847,0.3674527555704117,"[{""repeat"": 0, ""cpu"": 7, ""execution_epoch"": ""pcores_parallel_20261006_v1""}, {""repeat"": 1, ""cpu"": 7, ""execution_epoch"": ""pcores_parallel_20261006_v1""}, {""repeat"": 2, ""cpu"": 7, ""execution_epoch"": ""pcores_parallel_20261006_v1""}]"
16,12,pari_cyclic,COMPLETE,3,"[72.60428743064404, 73.00270731095225, 72.69078699219972]",72.69078699219972,72.60428743064404,73.00270731095225,"[{""repeat"": 0, ""cpu"": 4, ""execution_epoch"": ""pcores_parallel_20261006_v1""}, {""repeat"": 1, ""cpu"": 4, ""execution_epoch"": ""pcores_parallel_20261006_v1""}, {""repeat"": 2, ""cpu"": 4, ""execution_epoch"": ""pcores_parallel_20261006_v1""}]"
16,12,conv_sequential,COMPLETE,3,"[2569.870994041674, 2515.8219030350447, 2517.8164837853983]",2517.8164837853983,2515.8219030350447,2569.870994041674,"[{""repeat"": 0, ""cpu"": 4, ""execution_epoch"": ""pcores_parallel_20261006_v1""}, {""repeat"": 1, ""cpu"": 4, ""execution_epoch"": ""pcores_parallel_20261006_v1""}, {""repeat"": 2, ""cpu"": 4, ""execution_epoch"": ""pcores_parallel_20261006_v1""}]"
16,12,conv_binary,COMPLETE,3,"[1101.23770455271, 1107.7648256802931, 1095.3781747072935]",1101.23770455271,1095.3781747072935,1107.7648256802931,"[{""repeat"": 0, ""cpu"": 7, ""execution_epoch"": ""pcores_parallel_20261006_v1""}, {""repeat"": 1, ""cpu"": 7, ""execution_epoch"": ""pcores_parallel_20261006_v1""}, {""repeat"": 2, ""cpu"": 7, ""execution_epoch"": ""pcores_parallel_20261006_v1""}]"
16,12,kronecker_binary,COMPLETE,3,"[2.676989699713886, 2.677933874540031, 2.669197899289429]",2.676989699713886,2.669197899289429,2.677933874540031,"[{""repeat"": 0, ""cpu"": 4, ""execution_epoch"": ""pcores_parallel_20261006_v1""}, {""repeat"": 1, ""cpu"": 4, ""execution_epoch"": ""pcores_parallel_20261006_v1""}, {""repeat"": 2, ""cpu"": 4, ""execution_epoch"": ""pcores_parallel_20261006_v1""}]"
16,12,fwht,COMPLETE,3,"[0.5408954815939069, 0.5312834149226546, 0.548774803057313]",0.5408954815939069,0.5312834149226546,0.548774803057313,"[{""repeat"": 0, ""cpu"": 4, ""execution_epoch"": ""pcores_parallel_20261006_v1""}, {""repeat"": 1, ""cpu"": 4, ""execution_epoch"": ""pcores_parallel_20261006_v1""}, {""repeat"": 2, ""cpu"": 4, ""execution_epoch"": ""pcores_parallel_20261006_v1""}]"
16,16,pari_cyclic,COMPLETE,3,"[72.5387492403388, 71.99272162467241, 73.92156338691711]",72.5387492403388,71.99272162467241,73.92156338691711,"[{""repeat"": 0, ""cpu"": 6, ""execution_epoch"": ""pcores_parallel_20261006_v1""}, {""repeat"": 1, ""cpu"": 6, ""execution_epoch"": ""pcores_parallel_20261006_v1""}, {""repeat"": 2, ""cpu"": 6, ""execution_epoch"": ""pcores_parallel_20261006_v1""}]"
16,16,conv_sequential,COMPLETE,3,"[3459.8280678158626, 3494.1971208238974, 3432.3448204342276]",3459.8280678158626,3432.3448204342276,3494.1971208238974,"[{""repeat"": 0, ""cpu"": 1, ""execution_epoch"": ""pcores_parallel_20261006_v1""}, {""repeat"": 1, ""cpu"": 1, ""execution_epoch"": ""pcores_parallel_20261006_v1""}, {""repeat"": 2, ""cpu"": 1, ""execution_epoch"": ""pcores_parallel_20261006_v1""}]"
16,16,conv_binary,COMPLETE,3,"[1097.126833010465, 1126.5697166584432, 1093.3840010752901]",1097.126833010465,1093.3840010752901,1126.5697166584432,"[{""repeat"": 0, ""cpu"": 7, ""execution_epoch"": ""pcores_parallel_20261006_v1""}, {""repeat"": 1, ""cpu"": 7, ""execution_epoch"": ""pcores_parallel_20261006_v1""}, {""repeat"": 2, ""cpu"": 7, ""execution_epoch"": ""pcores_parallel_20261006_v1""}]"
16,16,kronecker_binary,COMPLETE,3,"[2.6836493676528335, 2.713124212808907, 2.686250972561538]",2.686250972561538,2.6836493676528335,2.713124212808907,"[{""repeat"": 0, ""cpu"": 4, ""execution_epoch"": ""pcores_parallel_20261006_v1""}, {""repeat"": 1, ""cpu"": 4, ""execution_epoch"": ""pcores_parallel_20261006_v1""}, {""repeat"": 2, ""cpu"": 4, ""execution_epoch"": ""pcores_parallel_20261006_v1""}]"
16,16,fwht,COMPLETE,3,"[0.7064172187820077, 0.6945736790075898, 0.6999485716223717]",0.6999485716223717,0.6945736790075898,0.7064172187820077,"[{""repeat"": 0, ""cpu"": 4, ""execution_epoch"": ""pcores_parallel_20261006_v1""}, {""repeat"": 1, ""cpu"": 4, ""execution_epoch"": ""pcores_parallel_20261006_v1""}, {""repeat"": 2, ""cpu"": 4, ""execution_epoch"": ""pcores_parallel_20261006_v1""}]"
