N,L,method,batch,cpu,repeat_0,repeat_1,repeat_2,median,minimum,maximum
8,4,ah_block_second,serial_grid_v1_formal,0,0.07489306200295687,0.07458873931318521,0.07448367401957512,0.07458873931318521,0.07448367401957512,0.07489306200295687
8,4,ordinary_int,serial_grid_v1_formal,0,0.06132172793149948,0.06004696525633335,0.061331747099757195,0.06132172793149948,0.06004696525633335,0.061331747099757195
8,8,ah_block_second,serial_grid_v1_formal,0,0.07720098178833723,0.07691324595361948,0.07970878761261702,0.07720098178833723,0.07691324595361948,0.07970878761261702
8,8,ordinary_int,serial_grid_v1_formal,0,0.07046636659651995,0.07106415182352066,0.07104793284088373,0.07104793284088373,0.07046636659651995,0.07106415182352066
8,16,ah_block_second,serial_grid_v1_formal,0,0.10014411248266697,0.09707977063953876,0.09961805585771799,0.09961805585771799,0.09707977063953876,0.10014411248266697
8,16,ordinary_int,serial_grid_v1_formal,0,0.13669227343052626,0.1337737636640668,0.1339340889826417,0.1339340889826417,0.1337737636640668,0.13669227343052626
8,24,ah_block_second,serial_grid_v1_formal,0,0.13343308493494987,0.1326495250687003,0.13234318606555462,0.1326495250687003,0.13234318606555462,0.13343308493494987
8,24,ordinary_int,serial_grid_v1_formal,0,0.26097659580409527,0.26044904068112373,0.260320876725018,0.26044904068112373,0.260320876725018,0.26097659580409527
8,32,ah_block_second,serial_grid_v1_formal,0,0.2107656067237258,0.21273279003798962,0.21125985868275166,0.21125985868275166,0.2107656067237258,0.21273279003798962
8,32,ordinary_int,serial_grid_v1_formal,0,0.4515166487544775,0.4506772281602025,0.45246736239641905,0.4515166487544775,0.4506772281602025,0.45246736239641905
8,48,ah_block_second,serial_grid_v1_formal,0,0.7266416624188423,0.7240418633446097,0.7217841930687428,0.7240418633446097,0.7217841930687428,0.7266416624188423
8,48,ordinary_int,serial_grid_v1_formal,0,1.4033962711691856,1.4031767752021551,1.402516440488398,1.4031767752021551,1.402516440488398,1.4033962711691856
8,64,ah_block_second,serial_grid_v1_formal,0,1.7420347817242146,1.7258485592901707,1.7499503968283534,1.7420347817242146,1.7258485592901707,1.7499503968283534
8,64,ordinary_int,serial_grid_v1_formal,0,3.0267848055809736,3.0300430711358786,3.0331569565460086,3.0300430711358786,3.0267848055809736,3.0331569565460086
16,4,ah_block_second,serial_grid_v1_formal,0,0.07725816778838634,0.07774493657052517,0.07799640856683254,0.07774493657052517,0.07725816778838634,0.07799640856683254
16,4,ordinary_int,serial_grid_v1_formal,0,0.06401523854583502,0.0647821445018053,0.06474144756793976,0.06474144756793976,0.06401523854583502,0.0647821445018053
16,8,ah_block_second,serial_grid_v1_formal,0,0.09078711923211813,0.09123265743255615,0.09047586005181074,0.09078711923211813,0.09047586005181074,0.09123265743255615
16,8,ordinary_int,serial_grid_v1_formal,0,0.09069428499788046,0.09039571043103933,0.09099852666258812,0.09069428499788046,0.09039571043103933,0.09099852666258812
16,16,ah_block_second,serial_grid_v1_formal,0,0.16536827199161053,0.1647327160462737,0.16488329879939556,0.16488329879939556,0.1647327160462737,0.16536827199161053
16,16,ordinary_int,serial_grid_v1_formal,0,0.25161133520305157,0.25143043603748083,0.2499288935214281,0.25143043603748083,0.2499288935214281,0.25161133520305157
16,24,ah_block_second,serial_grid_v1_formal,0,0.36960017308592796,0.3738124147057533,0.3728228146210313,0.3728228146210313,0.36960017308592796,0.3738124147057533
16,24,ordinary_int,serial_grid_v1_formal,0,0.6087702577933669,0.6101874802261591,0.6091030929237604,0.6091030929237604,0.6087702577933669,0.6101874802261591
16,32,ah_block_second,serial_grid_v1_formal,0,0.8997563691809773,0.9017419908195734,0.8942621797323227,0.8997563691809773,0.8942621797323227,0.9017419908195734
16,32,ordinary_int,serial_grid_v1_formal,0,1.3240863289684057,1.3240633895620704,1.318311545997858,1.3240633895620704,1.318311545997858,1.3240863289684057
16,48,ah_block_second,serial_grid_v1_formal,0,7.095445152372122,7.130359964445233,7.094684639945626,7.095445152372122,7.094684639945626,7.130359964445233
16,48,ordinary_int,serial_grid_v1_formal,0,7.920205131173134,7.928205185569823,7.899031166918576,7.920205131173134,7.899031166918576,7.928205185569823
16,64,ah_block_second,serial_grid_v1_formal,0,23.17575602326542,22.880528858862817,22.60801479406655,22.880528858862817,22.60801479406655,23.17575602326542
16,64,ordinary_int,serial_grid_v1_formal,0,24.53400560375303,24.91597448196262,24.817908755503595,24.817908755503595,24.53400560375303,24.91597448196262
24,4,ah_block_second,serial_grid_v1_formal,0,0.081566097214818,0.0812556017190218,0.08228409849107265,0.081566097214818,0.0812556017190218,0.08228409849107265
24,4,ordinary_int,serial_grid_v1_formal,0,0.06901280116289854,0.06961312796920538,0.06854396220296621,0.06901280116289854,0.06854396220296621,0.06961312796920538
24,8,ah_block_second,serial_grid_v1_formal,0,0.10887708235532045,0.10796274337917566,0.10965688433498144,0.10887708235532045,0.10796274337917566,0.10965688433498144
24,8,ordinary_int,serial_grid_v1_formal,0,0.11534547246992588,0.11705836746841669,0.11458378285169601,0.11534547246992588,0.11458378285169601,0.11705836746841669
24,16,ah_block_second,serial_grid_v1_formal,0,0.3265345236286521,0.3253027284517884,0.3268151441588998,0.3265345236286521,0.3253027284517884,0.3268151441588998
24,16,ordinary_int,serial_grid_v1_formal,0,0.4527161167934537,0.453960825689137,0.4545675255358219,0.453960825689137,0.4527161167934537,0.4545675255358219
24,24,ah_block_second,serial_grid_v1_formal,0,1.0760401049628854,1.0676223961636424,1.0610765432938933,1.0676223961636424,1.0610765432938933,1.0760401049628854
24,24,ordinary_int,serial_grid_v1_formal,0,1.4153738236054778,1.4132992243394256,1.4306244784966111,1.4153738236054778,1.4132992243394256,1.4306244784966111
24,32,ah_block_second,serial_grid_v1_formal,0,2.9463947424665093,2.9085190379992127,2.9122474240139127,2.9122474240139127,2.9085190379992127,2.9463947424665093
24,32,ordinary_int,serial_grid_v1_formal,0,3.538088548928499,3.49754211679101,3.494106452912092,3.49754211679101,3.494106452912092,3.538088548928499
24,48,ah_block_second,serial_grid_v1_formal,0,27.883877442218363,28.036377450451255,27.997284028679132,27.997284028679132,27.883877442218363,28.036377450451255
24,48,ordinary_int,serial_grid_v1_formal,0,29.0743099572137,29.07597974129021,29.01213122718036,29.0743099572137,29.01213122718036,29.07597974129021
24,64,ah_block_second,serial_grid_v1_formal,0,74.18965500686318,74.59840261656791,74.65667318925261,74.59840261656791,74.18965500686318,74.65667318925261
24,64,ordinary_int,serial_grid_v1_formal,0,76.23511308245361,76.06864300556481,76.23279483616352,76.23279483616352,76.06864300556481,76.23511308245361
32,4,ah_block_second,serial_grid_v1_formal,0,0.09221444837749004,0.09216097928583622,0.09257873333990574,0.09221444837749004,0.09216097928583622,0.09257873333990574
32,4,ordinary_int,serial_grid_v1_formal,0,0.08087494503706694,0.08368583302944899,0.0808328129351139,0.08087494503706694,0.0808328129351139,0.08368583302944899
32,8,ah_block_second,serial_grid_v1_formal,0,0.1424489924684167,0.14188429899513721,0.14133857935667038,0.14188429899513721,0.14133857935667038,0.1424489924684167
32,8,ordinary_int,serial_grid_v1_formal,0,0.15499447286128998,0.1543148858472705,0.15377748664468527,0.1543148858472705,0.15377748664468527,0.15499447286128998
32,16,ah_block_second,serial_grid_v1_formal,0,0.6199573185294867,0.6230914238840342,0.6203161599114537,0.6203161599114537,0.6199573185294867,0.6230914238840342
32,16,ordinary_int,serial_grid_v1_formal,0,0.7842291109263897,0.7836954975500703,0.7845787294209003,0.7842291109263897,0.7836954975500703,0.7845787294209003
32,24,ah_block_second,serial_grid_v1_formal,0,2.356334736570716,2.3555803513154387,2.3543966207653284,2.3555803513154387,2.3543966207653284,2.356334736570716
32,24,ordinary_int,serial_grid_v1_formal,0,2.811727564781904,2.809210508130491,2.8108945107087493,2.8108945107087493,2.809210508130491,2.811727564781904
32,32,ah_block_second,serial_grid_v1_formal,0,7.738535606302321,7.756176161579788,7.740170673467219,7.740170673467219,7.738535606302321,7.756176161579788
32,32,ordinary_int,serial_grid_v1_formal,0,8.282111493870616,8.3688581911847,8.292233483865857,8.292233483865857,8.282111493870616,8.3688581911847
32,48,ah_block_second,serial_grid_v1_formal,0,38.17511638440192,38.31802596151829,38.12009452376515,38.17511638440192,38.12009452376515,38.31802596151829
32,48,ordinary_int,serial_grid_v1_formal,0,39.171890914440155,39.09424510039389,38.886583814397454,39.09424510039389,38.886583814397454,39.171890914440155
32,64,ah_block_second,serial_grid_v1_formal,0,161.33967900276184,161.78583652712405,161.43622699659318,161.43622699659318,161.33967900276184,161.78583652712405
32,64,ordinary_int,serial_grid_v1_formal,0,160.78584240656346,161.89347767550498,161.00095433741808,161.00095433741808,160.78584240656346,161.89347767550498
48,4,ah_block_second,serial_grid_v1_formal,0,0.11204116139560938,0.11253241077065468,0.1124795088544488,0.1124795088544488,0.11204116139560938,0.11253241077065468
48,4,ordinary_int,serial_grid_v1_formal,0,0.10094975680112839,0.10021083243191242,0.10061701480299234,0.10061701480299234,0.10021083243191242,0.10094975680112839
48,8,ah_block_second,serial_grid_v1_formal,0,0.26404708810150623,0.264795926399529,0.26460185553878546,0.26460185553878546,0.26404708810150623,0.264795926399529
48,8,ordinary_int,serial_grid_v1_formal,0,0.2844254011288285,0.28349332325160503,0.28464318066835403,0.2844254011288285,0.28349332325160503,0.28464318066835403
48,16,ah_block_second,serial_grid_v1_formal,0,1.9553389977663755,1.9429966174066067,1.9237619722262025,1.9429966174066067,1.9237619722262025,1.9553389977663755
48,16,ordinary_int,serial_grid_v1_formal,0,2.1110355025157332,2.117233233526349,2.1126835718750954,2.1126835718750954,2.1110355025157332,2.117233233526349
48,24,ah_block_second,serial_grid_v1_formal,0,8.133888377808034,8.138663494959474,8.131502354517579,8.133888377808034,8.131502354517579,8.138663494959474
48,24,ordinary_int,serial_grid_v1_formal,0,8.539796711876988,8.542081756517291,8.535037982277572,8.539796711876988,8.535037982277572,8.542081756517291
48,32,ah_block_second,serial_grid_v1_formal,0,24.51091064233333,24.505524154752493,24.582758273929358,24.51091064233333,24.505524154752493,24.582758273929358
48,32,ordinary_int,serial_grid_v1_formal,0,24.59761345665902,24.586258101277053,24.4904253911227,24.586258101277053,24.4904253911227,24.59761345665902
48,48,ah_block_second,serial_grid_v1_formal,0,126.34752490092069,126.30144416540861,126.45218219328672,126.34752490092069,126.30144416540861,126.45218219328672
48,48,ordinary_int,serial_grid_v1_formal,0,124.55109265912324,124.7475969241932,124.76579906605184,124.7475969241932,124.55109265912324,124.76579906605184
48,64,ah_block_second,serial_grid_v1_formal,0,547.4785347469151,547.4052687212825,548.674921695143,547.4785347469151,547.4052687212825,548.674921695143
48,64,ordinary_int,serial_grid_v1_formal,0,536.6222409401089,537.755319468677,537.4251141827554,537.4251141827554,536.6222409401089,537.755319468677
64,4,ah_block_second,serial_grid_v1_formal,0,0.1676429184153676,0.16677754931151867,0.16593893244862556,0.16677754931151867,0.16593893244862556,0.1676429184153676
64,4,ordinary_int,serial_grid_v1_formal,0,0.15093923825770617,0.15082091558724642,0.1514190649613738,0.15093923825770617,0.15082091558724642,0.1514190649613738
64,8,ah_block_second,serial_grid_v1_formal,0,0.5298858489841223,0.5314517989754677,0.530102257616818,0.530102257616818,0.5298858489841223,0.5314517989754677
64,8,ordinary_int,serial_grid_v1_formal,0,0.5421032179147005,0.541786284185946,0.5424129478633404,0.5421032179147005,0.541786284185946,0.5424129478633404
64,16,ah_block_second,serial_grid_v1_formal,0,4.016563049517572,4.046215256676078,4.015707112848759,4.016563049517572,4.015707112848759,4.046215256676078
64,16,ordinary_int,serial_grid_v1_formal,0,4.093752392567694,4.168772442266345,4.105481359176338,4.105481359176338,4.093752392567694,4.168772442266345
64,24,ah_block_second,serial_grid_v1_formal,0,18.49588753376156,18.411581019870937,18.171827364712954,18.411581019870937,18.171827364712954,18.49588753376156
64,24,ordinary_int,serial_grid_v1_formal,0,18.33990235067904,18.300343241542578,17.734436351805925,18.300343241542578,17.734436351805925,18.33990235067904
64,32,ah_block_second,serial_grid_v1_formal,0,54.16174288094044,54.0592346675694,54.23770544864237,54.16174288094044,54.0592346675694,54.23770544864237
64,32,ordinary_int,serial_grid_v1_formal,0,51.9701918233186,51.96404542122036,51.99724970199168,51.9701918233186,51.96404542122036,51.99724970199168
64,48,ah_block_second,serial_grid_v1_formal,0,264.86313597206026,266.831912974827,266.91478132642806,266.831912974827,264.86313597206026,266.91478132642806
64,48,ordinary_int,serial_grid_v1_formal,0,250.73817087616771,250.06394947413355,249.82004615478218,250.06394947413355,249.82004615478218,250.73817087616771
64,64,ah_block_second,serial_grid_v1_formal,0,1233.6505136648193,1235.6461409088224,1234.8025854369625,1234.8025854369625,1233.6505136648193,1235.6461409088224
64,64,ordinary_int,serial_grid_v1_formal,0,1191.9745756695047,1192.6767763616517,1192.4130057534203,1192.4130057534203,1191.9745756695047,1192.6767763616517
