N,L,method,batch,cpus,repeat_0,repeat_1,repeat_2,median,minimum,maximum
36,4,ah_block_second,n36_parallel_v1_formal,6;7;1,0.09671449288725853,0.09742244146764278,0.09336515422910452,0.09671449288725853,0.09336515422910452,0.09742244146764278
36,4,ordinary_int,n36_parallel_v1_formal,6;7;1,0.08578646834939718,0.08631661254912615,0.08161617163568735,0.08578646834939718,0.08161617163568735,0.08631661254912615
36,8,ah_block_second,n36_parallel_v1_formal,1;4;5,0.16150971967726946,0.1676841489970684,0.1677839308977127,0.1676841489970684,0.16150971967726946,0.1677839308977127
36,8,ordinary_int,n36_parallel_v1_formal,1;4;5,0.1793700698763132,0.18299518153071404,0.18368232157081366,0.18299518153071404,0.1793700698763132,0.18368232157081366
36,16,ah_block_second,n36_parallel_v1_formal,5;6;7,0.9537866981700063,0.9492426039651036,0.9655960071831942,0.9537866981700063,0.9492426039651036,0.9655960071831942
36,16,ordinary_int,n36_parallel_v1_formal,5;6;7,1.1321240961551666,1.1269937381148338,1.1445254040881991,1.1321240961551666,1.1269937381148338,1.1445254040881991
36,24,ah_block_second,n36_parallel_v1_formal,7;1;4,3.849145627580583,3.6306954752653837,3.799408605322242,3.799408605322242,3.6306954752653837,3.849145627580583
36,24,ordinary_int,n36_parallel_v1_formal,7;1;4,4.358945495449007,4.259736962616444,4.294769925065339,4.294769925065339,4.259736962616444,4.358945495449007
36,32,ah_block_second,n36_parallel_v1_formal,4;5;6,11.748359376564622,11.779333512298763,11.895917835645378,11.779333512298763,11.748359376564622,11.895917835645378
36,32,ordinary_int,n36_parallel_v1_formal,4;5;6,12.282338379882276,12.240042285993695,12.295794429257512,12.282338379882276,12.240042285993695,12.295794429257512
36,48,ah_block_second,n36_parallel_v1_formal,6;7;1,57.994107202626765,58.01297012902796,56.74039173312485,57.994107202626765,56.74039173312485,58.01297012902796
36,48,ordinary_int,n36_parallel_v1_formal,6;7;1,58.94800633657724,59.19852142967284,58.416247704066336,58.94800633657724,58.416247704066336,59.19852142967284
36,64,ah_block_second,n36_parallel_v1_formal,1;4;5,257.85945665370673,249.93695764243603,251.2941509662196,251.2941509662196,249.93695764243603,257.85945665370673
36,64,ordinary_int,n36_parallel_v1_formal,1;4;5,255.53503691963851,250.39688231702894,249.04266064893454,250.39688231702894,249.04266064893454,255.53503691963851
