N,L,method,median_seconds,minimum_seconds,maximum_seconds,repeat_0_seconds,repeat_1_seconds,repeat_2_seconds
24,4,ah_block_second,0.081566097214818,0.0812556017190218,0.08228409849107265,0.081566097214818,0.0812556017190218,0.08228409849107265
24,4,ordinary_int,0.06901280116289854,0.06854396220296621,0.06961312796920538,0.06901280116289854,0.06961312796920538,0.06854396220296621
24,6,ah_block_second,0.09329869225621223,0.0931995939463377,0.09337105229496956,0.09337105229496956,0.0931995939463377,0.09329869225621223
24,6,ordinary_int,0.08641965314745903,0.08617611415684223,0.08746437821537256,0.08641965314745903,0.08617611415684223,0.08746437821537256
24,8,ah_block_second,0.10887708235532045,0.10796274337917566,0.10965688433498144,0.10887708235532045,0.10796274337917566,0.10965688433498144
24,8,ordinary_int,0.11534547246992588,0.11458378285169601,0.11705836746841669,0.11534547246992588,0.11705836746841669,0.11458378285169601
24,12,ah_block_second,0.1732659712433815,0.1722228517755866,0.1738132145255804,0.1722228517755866,0.1738132145255804,0.1732659712433815
24,12,ordinary_int,0.24016960058361292,0.23968587070703506,0.24019835237413645,0.23968587070703506,0.24019835237413645,0.24016960058361292
24,16,ah_block_second,0.3265345236286521,0.3253027284517884,0.3268151441588998,0.3265345236286521,0.3253027284517884,0.3268151441588998
24,16,ordinary_int,0.453960825689137,0.4527161167934537,0.4545675255358219,0.4527161167934537,0.453960825689137,0.4545675255358219
32,4,ah_block_second,0.09221444837749004,0.09216097928583622,0.09257873333990574,0.09221444837749004,0.09216097928583622,0.09257873333990574
32,4,ordinary_int,0.08087494503706694,0.0808328129351139,0.08368583302944899,0.08087494503706694,0.08368583302944899,0.0808328129351139
32,6,ah_block_second,0.10354007594287395,0.10324861854314804,0.10389322973787785,0.10354007594287395,0.10324861854314804,0.10389322973787785
32,6,ordinary_int,0.09883066080510616,0.09879043325781822,0.09929279703646898,0.09879043325781822,0.09883066080510616,0.09929279703646898
32,8,ah_block_second,0.14188429899513721,0.14133857935667038,0.1424489924684167,0.1424489924684167,0.14188429899513721,0.14133857935667038
32,8,ordinary_int,0.1543148858472705,0.15377748664468527,0.15499447286128998,0.15499447286128998,0.1543148858472705,0.15377748664468527
32,12,ah_block_second,0.27889070473611355,0.27766801975667477,0.27942301146686077,0.27942301146686077,0.27766801975667477,0.27889070473611355
32,12,ordinary_int,0.37150612007826567,0.37107239197939634,0.372092024423182,0.372092024423182,0.37150612007826567,0.37107239197939634
32,16,ah_block_second,0.6203161599114537,0.6199573185294867,0.6230914238840342,0.6199573185294867,0.6230914238840342,0.6203161599114537
32,16,ordinary_int,0.7842291109263897,0.7836954975500703,0.7845787294209003,0.7842291109263897,0.7836954975500703,0.7845787294209003
48,4,ah_block_second,0.1124795088544488,0.11204116139560938,0.11253241077065468,0.11204116139560938,0.11253241077065468,0.1124795088544488
48,4,ordinary_int,0.10061701480299234,0.10021083243191242,0.10094975680112839,0.10094975680112839,0.10021083243191242,0.10061701480299234
48,6,ah_block_second,0.1775034125894308,0.17734410054981709,0.177626877091825,0.17734410054981709,0.177626877091825,0.1775034125894308
48,6,ordinary_int,0.17437690123915672,0.17428156360983849,0.17480210028588772,0.17428156360983849,0.17437690123915672,0.17480210028588772
48,8,ah_block_second,0.26460185553878546,0.26404708810150623,0.264795926399529,0.26404708810150623,0.264795926399529,0.26460185553878546
48,8,ordinary_int,0.2844254011288285,0.28349332325160503,0.28464318066835403,0.2844254011288285,0.28349332325160503,0.28464318066835403
48,12,ah_block_second,0.7590662315487862,0.7566615948453546,0.7593616787344217,0.7566615948453546,0.7593616787344217,0.7590662315487862
48,12,ordinary_int,0.881468172185123,0.880681486800313,0.8827743763104081,0.8827743763104081,0.880681486800313,0.881468172185123
48,16,ah_block_second,1.9429966174066067,1.9237619722262025,1.9553389977663755,1.9553389977663755,1.9429966174066067,1.9237619722262025
48,16,ordinary_int,2.1126835718750954,2.1110355025157332,2.117233233526349,2.1110355025157332,2.117233233526349,2.1126835718750954
64,4,ah_block_second,0.16677754931151867,0.16593893244862556,0.1676429184153676,0.1676429184153676,0.16677754931151867,0.16593893244862556
64,4,ordinary_int,0.15093923825770617,0.15082091558724642,0.1514190649613738,0.15093923825770617,0.15082091558724642,0.1514190649613738
64,6,ah_block_second,0.3045640867203474,0.30408900510519743,0.30469902604818344,0.30469902604818344,0.30408900510519743,0.3045640867203474
64,6,ordinary_int,0.2998989447951317,0.2991818590089679,0.30171099584549665,0.2998989447951317,0.2991818590089679,0.30171099584549665
64,8,ah_block_second,0.530102257616818,0.5298858489841223,0.5314517989754677,0.5298858489841223,0.5314517989754677,0.530102257616818
64,8,ordinary_int,0.5421032179147005,0.541786284185946,0.5424129478633404,0.5421032179147005,0.541786284185946,0.5424129478633404
64,12,ah_block_second,1.5083503955975175,1.506850179284811,1.5172624522820115,1.506850179284811,1.5172624522820115,1.5083503955975175
64,12,ordinary_int,1.649586595594883,1.6477260887622833,1.6505193253979087,1.649586595594883,1.6477260887622833,1.6505193253979087
64,16,ah_block_second,4.016563049517572,4.015707112848759,4.046215256676078,4.016563049517572,4.046215256676078,4.015707112848759
64,16,ordinary_int,4.105481359176338,4.093752392567694,4.168772442266345,4.093752392567694,4.168772442266345,4.105481359176338
