N,L,method,cpu,repeat_0,repeat_1,repeat_2,median,minimum,maximum
8,3,ah_new,1,0.13873359374701977,0.14585174713283777,0.1595302429050207,0.14585174713283777,0.13873359374701977,0.1595302429050207
8,3,ordinary_new,1,0.1372124832123518,0.1372258746996522,0.13424502965062857,0.1372124832123518,0.13424502965062857,0.1372258746996522
8,3,fwht,1,0.09788090456277132,0.08572283666580915,0.08646026998758316,0.08646026998758316,0.08572283666580915,0.09788090456277132
8,3,kronecker_binary,1,0.12753490544855595,0.0899188406765461,0.08694041520357132,0.0899188406765461,0.08694041520357132,0.12753490544855595
8,4,ah_new,4,0.1450533578172326,0.14158278051763773,0.14328071288764477,0.14328071288764477,0.14158278051763773,0.1450533578172326
8,4,ordinary_new,4,0.12582689244300127,0.13379816431552172,0.13596603646874428,0.13379816431552172,0.12582689244300127,0.13596603646874428
8,4,fwht,4,0.08625645004212856,0.09236082062125206,0.08708184584975243,0.08708184584975243,0.08625645004212856,0.09236082062125206
8,4,kronecker_binary,4,0.08692707680165768,0.08764127641916275,0.08789210114628077,0.08764127641916275,0.08692707680165768,0.08789210114628077
8,7,ah_new,5,0.14319146238267422,0.1542642554268241,0.19361607916653156,0.1542642554268241,0.14319146238267422,0.19361607916653156
8,7,ordinary_new,5,0.1426812158897519,0.13441788218915462,0.14521626755595207,0.1426812158897519,0.13441788218915462,0.14521626755595207
8,7,fwht,5,0.08624028600752354,0.0865621380507946,0.10986425075680017,0.0865621380507946,0.08624028600752354,0.10986425075680017
8,7,kronecker_binary,5,0.09649690799415112,0.08859305363148451,0.09008446149528027,0.09008446149528027,0.08859305363148451,0.09649690799415112
8,8,ah_new,6,0.1447888594120741,0.15595225896686316,0.14466636069118977,0.1447888594120741,0.14466636069118977,0.15595225896686316
8,8,ordinary_new,6,0.14985898043960333,0.1476676156744361,0.137021591886878,0.1476676156744361,0.137021591886878,0.14985898043960333
8,8,fwht,6,0.09673688746988773,0.10631147399544716,0.1048023421317339,0.1048023421317339,0.09673688746988773,0.10631147399544716
8,8,kronecker_binary,6,0.08614136837422848,0.10498476028442383,0.08814622834324837,0.08814622834324837,0.08614136837422848,0.10498476028442383
8,15,ah_new,7,0.15604390110820532,0.16249634325504303,0.15722350776195526,0.15722350776195526,0.15604390110820532,0.16249634325504303
8,15,ordinary_new,7,0.19725669734179974,0.19847279600799084,0.19967764988541603,0.19847279600799084,0.19725669734179974,0.19967764988541603
8,15,fwht,7,0.1377946063876152,0.08692143205553293,0.08734756521880627,0.08734756521880627,0.08692143205553293,0.1377946063876152
8,15,kronecker_binary,7,0.0878310976549983,0.10418520774692297,0.09945495147258043,0.09945495147258043,0.0878310976549983,0.10418520774692297
8,16,ah_new,1,0.16393534000962973,0.17709895875304937,0.16713670827448368,0.16713670827448368,0.16393534000962973,0.17709895875304937
8,16,ordinary_new,1,0.2305720169097185,0.20885556377470493,0.2091137422248721,0.2091137422248721,0.20885556377470493,0.2305720169097185
8,16,fwht,1,0.08707195147871971,0.08511955570429564,0.0937920669093728,0.08707195147871971,0.08511955570429564,0.0937920669093728
8,16,kronecker_binary,1,0.10577530413866043,0.11118424497544765,0.08866791427135468,0.10577530413866043,0.08866791427135468,0.11118424497544765
8,23,ah_new,4,0.19869627989828587,0.20576938427984715,0.1981511591002345,0.19869627989828587,0.1981511591002345,0.20576938427984715
8,23,ordinary_new,4,0.4000412495806813,0.3982355520129204,0.3849937068298459,0.3982355520129204,0.3849937068298459,0.4000412495806813
8,23,fwht,4,0.09034847933799028,0.13503037486225367,0.08796383999288082,0.09034847933799028,0.08796383999288082,0.13503037486225367
8,23,kronecker_binary,4,0.09176516439765692,0.088379992172122,0.08966015372425318,0.08966015372425318,0.088379992172122,0.09176516439765692
8,24,ah_new,5,0.2167331501841545,0.21247903164476156,0.20448672026395798,0.21247903164476156,0.20448672026395798,0.2167331501841545
8,24,ordinary_new,5,0.3360678721219301,0.3421335006132722,0.3471987880766392,0.3421335006132722,0.3360678721219301,0.3471987880766392
8,24,fwht,5,0.08879293780773878,0.09082390647381544,0.09892882686108351,0.09082390647381544,0.08879293780773878,0.09892882686108351
8,24,kronecker_binary,5,0.08790156338363886,0.08845712430775166,0.0891153933480382,0.08845712430775166,0.08790156338363886,0.0891153933480382
8,31,ah_new,6,0.27431204821914434,0.2788169691339135,0.2962257210165262,0.2788169691339135,0.27431204821914434,0.2962257210165262
8,31,ordinary_new,6,0.6894484460353851,0.6729336399585009,0.6637178333476186,0.6729336399585009,0.6637178333476186,0.6894484460353851
8,31,fwht,6,0.10637517087161541,0.08630603086203337,0.0954288924112916,0.0954288924112916,0.08630603086203337,0.10637517087161541
8,31,kronecker_binary,6,0.11476060841232538,0.08875921461731195,0.08811359852552414,0.08875921461731195,0.08811359852552414,0.11476060841232538
8,32,ah_new,7,0.2972123837098479,0.28853896353393793,0.31234895065426826,0.2972123837098479,0.28853896353393793,0.31234895065426826
8,32,ordinary_new,7,0.5405807681381702,0.5440694307908416,0.5398102831095457,0.5405807681381702,0.5398102831095457,0.5440694307908416
8,32,fwht,7,0.0876649022102356,0.08666310086846352,0.08818796277046204,0.0876649022102356,0.08666310086846352,0.08818796277046204
8,32,kronecker_binary,7,0.09509751666337252,0.09603782743215561,0.11017467081546783,0.09603782743215561,0.09509751666337252,0.11017467081546783
16,3,ah_new,1,0.14418920036405325,0.14315152633935213,0.14131520222872496,0.14315152633935213,0.14131520222872496,0.14418920036405325
16,3,ordinary_new,1,0.12903179414570332,0.12748265266418457,0.1285243146121502,0.1285243146121502,0.12748265266418457,0.12903179414570332
16,3,fwht,1,0.21783233247697353,0.1918188687413931,0.18637182284146547,0.1918188687413931,0.18637182284146547,0.21783233247697353
16,3,kronecker_binary,1,1.5076165609061718,1.5384517088532448,1.5094827329739928,1.5094827329739928,1.5076165609061718,1.5384517088532448
16,4,ah_new,4,0.14439395535737276,0.14267420582473278,0.14422195684164762,0.14422195684164762,0.14267420582473278,0.14439395535737276
16,4,ordinary_new,4,0.12941042333841324,0.12935772817581892,0.13195070158690214,0.12941042333841324,0.12935772817581892,0.13195070158690214
16,4,fwht,4,0.223161525093019,0.22673673275858164,0.228362325578928,0.22673673275858164,0.223161525093019,0.228362325578928
16,4,kronecker_binary,4,1.4906241726130247,1.4885352235287428,1.48294866271317,1.4885352235287428,1.48294866271317,1.4906241726130247
16,7,ah_new,5,0.15146107785403728,0.16853948403149843,0.16116172540932894,0.16116172540932894,0.15146107785403728,0.16853948403149843
16,7,ordinary_new,5,0.15018760412931442,0.14921638648957014,0.17042140197008848,0.15018760412931442,0.14921638648957014,0.17042140197008848
16,7,fwht,5,0.3755482891574502,0.3628688445314765,0.3699297411367297,0.3699297411367297,0.3628688445314765,0.3755482891574502
16,7,kronecker_binary,5,2.1468291264027357,2.137440144084394,2.1365704340860248,2.137440144084394,2.1365704340860248,2.1468291264027357
16,8,ah_new,6,0.16223785001784563,0.18843630142509937,0.16411853954195976,0.16411853954195976,0.16223785001784563,0.18843630142509937
16,8,ordinary_new,6,0.1657190779224038,0.16830697376281023,0.18619469739496708,0.16830697376281023,0.1657190779224038,0.18619469739496708
16,8,fwht,6,0.4159265300258994,0.4176575094461441,0.4196625351905823,0.4176575094461441,0.4159265300258994,0.4196625351905823
16,8,kronecker_binary,6,1.849553824402392,1.83637285977602,1.8366167079657316,1.8366167079657316,1.83637285977602,1.849553824402392
16,15,ah_new,7,0.217227254062891,0.21828872058540583,0.21476668491959572,0.217227254062891,0.21476668491959572,0.21828872058540583
16,15,ordinary_new,7,0.3706413097679615,0.36767820455133915,0.36374951526522636,0.36767820455133915,0.36374951526522636,0.3706413097679615
16,15,fwht,7,0.7301716795191169,0.7244870262220502,0.7204677490517497,0.7244870262220502,0.7204677490517497,0.7301716795191169
16,15,kronecker_binary,7,3.869315658695996,3.86293394677341,3.8685468481853604,3.8685468481853604,3.86293394677341,3.869315658695996
16,16,ah_new,1,0.2363729877397418,0.23917861841619015,0.24003499653190374,0.23917861841619015,0.2363729877397418,0.24003499653190374
16,16,ordinary_new,1,0.3248898033052683,0.3695173831656575,0.32557917665690184,0.32557917665690184,0.3248898033052683,0.3695173831656575
16,16,fwht,1,0.7579321125522256,0.7683280557394028,0.7807735549286008,0.7683280557394028,0.7579321125522256,0.7807735549286008
16,16,kronecker_binary,1,2.738859917037189,2.7449064841493964,2.7381850639358163,2.738859917037189,2.7381850639358163,2.7449064841493964
16,23,ah_new,4,0.4067852133885026,0.4368786299601197,0.41435508616268635,0.41435508616268635,0.4067852133885026,0.4368786299601197
16,23,ordinary_new,4,1.0275928238406777,1.0241836849600077,1.0396949294954538,1.0275928238406777,1.0241836849600077,1.0396949294954538
16,23,fwht,4,1.0823246529325843,1.0751363318413496,1.1212352402508259,1.0823246529325843,1.0751363318413496,1.1212352402508259
16,23,kronecker_binary,4,5.744483584538102,5.698039718903601,5.691372915171087,5.698039718903601,5.691372915171087,5.744483584538102
16,24,ah_new,5,0.4511819342151284,0.4671011893078685,0.46452528331428766,0.46452528331428766,0.4511819342151284,0.4671011893078685
16,24,ordinary_new,5,0.6966375755146146,0.7063469029963017,0.7061451021581888,0.7061451021581888,0.6966375755146146,0.7063469029963017
16,24,fwht,5,1.1347159706056118,1.1194732822477818,1.140614565461874,1.1347159706056118,1.1194732822477818,1.140614565461874
16,24,kronecker_binary,5,5.169139472767711,5.164308520965278,5.20085065625608,5.169139472767711,5.164308520965278,5.20085065625608
16,31,ah_new,6,0.9135197196155787,0.9190277867019176,0.9231613827869296,0.9190277867019176,0.9135197196155787,0.9231613827869296
16,31,ordinary_new,6,2.651510862633586,2.6293135853484273,2.6404839772731066,2.6404839772731066,2.6293135853484273,2.651510862633586
16,31,fwht,6,1.4660598151385784,1.4645913485437632,1.4511158848181367,1.4645913485437632,1.4511158848181367,1.4660598151385784
16,31,kronecker_binary,6,8.953521463088691,8.835003430955112,8.709338563494384,8.835003430955112,8.709338563494384,8.953521463088691
16,32,ah_new,7,1.0266902791336179,1.0116695715114474,1.0085967034101486,1.0116695715114474,1.0085967034101486,1.0266902791336179
16,32,ordinary_new,7,1.4652821915224195,1.4541578087955713,1.4509356524795294,1.4541578087955713,1.4509356524795294,1.4652821915224195
16,32,fwht,7,1.509353168308735,1.5164661705493927,1.5075011244043708,1.509353168308735,1.5075011244043708,1.5164661705493927
16,32,kronecker_binary,7,5.300508459098637,5.256364390254021,5.232425837777555,5.256364390254021,5.232425837777555,5.300508459098637
