N,L,method,acquisition_median_ms,queries_median_ms,parameter_median_ms,specialization_median_ms,binary_product_median_ms,query_end_VmHWM_median_MiB
8,16,ah_block_second,18.04703939706087,32.31724165380001,2.2478485479950905,7.7974265441298485,22.136826999485493,47.5859375
8,16,ordinary_int,61.47662550210953,26.521064341068268,2.0577041432261467,1.8746843561530113,22.453666664659977,38.80859375
8,24,ah_block_second,25.203789584338665,60.50356104969978,2.5946535170078278,18.221217207610607,39.52996991574764,47.62109375
8,24,ordinary_int,167.1126913279295,46.478452160954475,2.3775016888976097,4.159449599683285,39.79525901377201,42.9375
8,32,ah_block_second,38.396124728024006,125.39046443998814,4.166079685091972,36.257716827094555,84.75189935415983,48.84375
8,32,ordinary_int,305.0150526687503,96.6570470482111,3.7864437326788902,7.240881212055683,85.54391004145145,49.9296875
16,16,ah_block_second,30.43716587126255,86.40627842396498,6.358441896736622,12.2197475284338,67.72712245583534,47.609375
16,16,ordinary_int,125.23907423019409,77.5544298812747,6.128660403192043,2.8750719502568245,68.42041108757257,41.359375
16,24,ah_block_second,63.548182137310505,254.77184634655714,7.572878152132034,30.79093713313341,216.2822214886546,52.52734375
16,24,ordinary_int,316.79251231253147,237.21215594559908,7.260957732796669,6.373086012899876,223.3310965821147,53.27734375
16,32,ah_block_second,133.47441609948874,691.6938805952668,12.725587002933025,66.56854972243309,613.2408883422613,70.7890625
16,32,ordinary_int,607.4404437094927,645.4466888681054,12.184001505374908,11.301983147859573,621.6884013265371,70.27734375
