dataset,N,L,method,repeat_0,repeat_1,repeat_2,median,minimum,maximum
aligned_baseline,4,4,conv_binary,0.04028854053467512,0.04068176820874214,0.03999195620417595,0.04028854053467512,0.03999195620417595,0.04068176820874214
aligned_baseline,4,4,conv_sequential,0.03999993484467268,0.039816416800022125,0.04142899066209793,0.03999993484467268,0.039816416800022125,0.04142899066209793
aligned_baseline,4,4,fwht,0.04045974928885698,0.04094697441905737,0.04050892870873213,0.04050892870873213,0.04045974928885698,0.04094697441905737
aligned_baseline,4,4,kronecker_binary,0.040648454800248146,0.042244745418429375,0.04151790402829647,0.04151790402829647,0.040648454800248146,0.042244745418429375
aligned_baseline,4,4,pari_cyclic,0.13872288446873426,0.1404155483469367,0.13905696850270033,0.13905696850270033,0.13872288446873426,0.1404155483469367
aligned_baseline,4,6,conv_binary,0.04031637404114008,0.040608164854347706,0.04011162277311087,0.04031637404114008,0.04011162277311087,0.040608164854347706
aligned_baseline,4,6,conv_sequential,0.03952542971819639,0.04062927886843681,0.04003374557942152,0.04003374557942152,0.03952542971819639,0.04062927886843681
aligned_baseline,4,6,fwht,0.040994676761329174,0.04067992605268955,0.041058726608753204,0.040994676761329174,0.04067992605268955,0.041058726608753204
aligned_baseline,4,6,kronecker_binary,0.039567639119923115,0.04163320083171129,0.041007399559020996,0.041007399559020996,0.039567639119923115,0.04163320083171129
aligned_baseline,4,6,pari_cyclic,0.13857563864439726,0.1414184235036373,0.13978677336126566,0.13978677336126566,0.13857563864439726,0.1414184235036373
aligned_baseline,4,8,conv_binary,0.040414764545857906,0.04124702978879213,0.040028502233326435,0.040414764545857906,0.040028502233326435,0.04124702978879213
aligned_baseline,4,8,conv_sequential,0.04006724897772074,0.040570370852947235,0.040062518790364265,0.04006724897772074,0.040062518790364265,0.040570370852947235
aligned_baseline,4,8,fwht,0.04025121405720711,0.040127189829945564,0.041514490731060505,0.04025121405720711,0.040127189829945564,0.041514490731060505
aligned_baseline,4,8,kronecker_binary,0.0412116339430213,0.04227886721491814,0.04037940502166748,0.0412116339430213,0.04037940502166748,0.04227886721491814
aligned_baseline,4,8,pari_cyclic,0.13833574205636978,0.14049440808594227,0.1392328990623355,0.1392328990623355,0.13833574205636978,0.14049440808594227
aligned_baseline,4,12,conv_binary,0.0404090965166688,0.04099870193749666,0.0400632144883275,0.0404090965166688,0.0400632144883275,0.04099870193749666
aligned_baseline,4,12,conv_sequential,0.04070262238383293,0.040299330838024616,0.04015856608748436,0.040299330838024616,0.04015856608748436,0.04070262238383293
aligned_baseline,4,12,fwht,0.040627083741128445,0.04028491582721472,0.0424087094143033,0.040627083741128445,0.04028491582721472,0.0424087094143033
aligned_baseline,4,12,kronecker_binary,0.04082770645618439,0.041047981940209866,0.04044806677848101,0.04082770645618439,0.04044806677848101,0.041047981940209866
aligned_baseline,4,12,pari_cyclic,0.1383696524426341,0.1405494213104248,0.13913369830697775,0.13913369830697775,0.1383696524426341,0.1405494213104248
aligned_baseline,4,16,conv_binary,0.040042865090072155,0.039762225933372974,0.04196066502481699,0.040042865090072155,0.039762225933372974,0.04196066502481699
aligned_baseline,4,16,conv_sequential,0.04083368554711342,0.04055682010948658,0.04000670928508043,0.04055682010948658,0.04000670928508043,0.04083368554711342
aligned_baseline,4,16,fwht,0.04081459529697895,0.0407068245112896,0.04016811680048704,0.0407068245112896,0.04016811680048704,0.04081459529697895
aligned_baseline,4,16,kronecker_binary,0.04097332339733839,0.04097782261669636,0.04038908425718546,0.04097332339733839,0.04038908425718546,0.04097782261669636
aligned_baseline,4,16,pari_cyclic,0.13902229070663452,0.14106116257607937,0.13979296758770943,0.13979296758770943,0.13902229070663452,0.14106116257607937
aligned_baseline,6,4,conv_binary,0.04083234816789627,0.04118625447154045,0.040360975079238415,0.04083234816789627,0.040360975079238415,0.04118625447154045
aligned_baseline,6,4,conv_sequential,0.04072185978293419,0.041248902678489685,0.04061476141214371,0.04072185978293419,0.04061476141214371,0.041248902678489685
aligned_baseline,6,4,fwht,0.04050152562558651,0.04034566320478916,0.04159318748861551,0.04050152562558651,0.04034566320478916,0.04159318748861551
aligned_baseline,6,4,kronecker_binary,0.041104952804744244,0.041268288157880306,0.04071967862546444,0.041104952804744244,0.04071967862546444,0.041268288157880306
aligned_baseline,6,4,pari_cyclic,0.13886929769068956,0.13989970833063126,0.1432350967079401,0.13989970833063126,0.13886929769068956,0.1432350967079401
aligned_baseline,6,6,conv_binary,0.040995593182742596,0.041415292769670486,0.041051614098250866,0.041051614098250866,0.040995593182742596,0.041415292769670486
aligned_baseline,6,6,conv_sequential,0.04092042241245508,0.041391825303435326,0.040727073326706886,0.04092042241245508,0.040727073326706886,0.041391825303435326
aligned_baseline,6,6,fwht,0.039877076633274555,0.03991821501404047,0.041273269802331924,0.03991821501404047,0.039877076633274555,0.041273269802331924
aligned_baseline,6,6,kronecker_binary,0.041100324131548405,0.04077601246535778,0.04193586762994528,0.041100324131548405,0.04077601246535778,0.04193586762994528
aligned_baseline,6,6,pari_cyclic,0.13868698477745056,0.14019093476235867,0.13942371774464846,0.13942371774464846,0.13868698477745056,0.14019093476235867
aligned_baseline,6,8,conv_binary,0.041085924953222275,0.041296474635601044,0.04051188565790653,0.041085924953222275,0.04051188565790653,0.041296474635601044
aligned_baseline,6,8,conv_sequential,0.041514677926898,0.040968459099531174,0.042242635041475296,0.041514677926898,0.040968459099531174,0.042242635041475296
aligned_baseline,6,8,fwht,0.040223908610641956,0.041006000712513924,0.040213762782514095,0.040223908610641956,0.040213762782514095,0.041006000712513924
aligned_baseline,6,8,kronecker_binary,0.040583981201052666,0.04040301777422428,0.04150663409382105,0.040583981201052666,0.04040301777422428,0.04150663409382105
aligned_baseline,6,8,pari_cyclic,0.13873972930014133,0.13949667382985353,0.14152445457875729,0.13949667382985353,0.13873972930014133,0.14152445457875729
aligned_baseline,6,12,conv_binary,0.0414317948743701,0.041273172944784164,0.04104563035070896,0.041273172944784164,0.04104563035070896,0.0414317948743701
aligned_baseline,6,12,conv_sequential,0.04271721839904785,0.042209227569401264,0.04164216201752424,0.042209227569401264,0.04164216201752424,0.04271721839904785
aligned_baseline,6,12,fwht,0.04065507743507624,0.041081043891608715,0.040743802674114704,0.040743802674114704,0.04065507743507624,0.041081043891608715
aligned_baseline,6,12,kronecker_binary,0.04055198561400175,0.04063042625784874,0.0417132917791605,0.04063042625784874,0.04055198561400175,0.0417132917791605
aligned_baseline,6,12,pari_cyclic,0.13897569198161364,0.14107878785580397,0.13969767652451992,0.13969767652451992,0.13897569198161364,0.14107878785580397
aligned_baseline,6,16,conv_binary,0.04112548101693392,0.040995215997099876,0.04191584885120392,0.04112548101693392,0.040995215997099876,0.04191584885120392
aligned_baseline,6,16,conv_sequential,0.042848292738199234,0.043039665557444096,0.04268018249422312,0.042848292738199234,0.04268018249422312,0.043039665557444096
aligned_baseline,6,16,fwht,0.04014085605740547,0.040947457775473595,0.040168638341128826,0.040168638341128826,0.04014085605740547,0.040947457775473595
aligned_baseline,6,16,kronecker_binary,0.041016021743416786,0.04104055371135473,0.04136234242469072,0.04104055371135473,0.041016021743416786,0.04136234242469072
aligned_baseline,6,16,pari_cyclic,0.13870841544121504,0.13967558182775974,0.1416717767715454,0.13967558182775974,0.13870841544121504,0.1416717767715454
aligned_baseline,8,4,conv_binary,0.047640384174883366,0.0483201676979661,0.04796405881643295,0.04796405881643295,0.047640384174883366,0.0483201676979661
aligned_baseline,8,4,conv_sequential,0.04728900548070669,0.049061200581490993,0.0481316726654768,0.0481316726654768,0.04728900548070669,0.049061200581490993
aligned_baseline,8,4,fwht,0.0409093601629138,0.04064775537699461,0.04171266686171293,0.0409093601629138,0.04064775537699461,0.04171266686171293
aligned_baseline,8,4,kronecker_binary,0.04200027324259281,0.04204937070608139,0.04192048404365778,0.04200027324259281,0.04192048404365778,0.04204937070608139
aligned_baseline,8,4,pari_cyclic,0.13850514590740204,0.14113651867955923,0.13998759910464287,0.13998759910464287,0.13850514590740204,0.14113651867955923
aligned_baseline,8,6,conv_binary,0.05041767098009586,0.05068124085664749,0.050932612270116806,0.05068124085664749,0.05041767098009586,0.050932612270116806
aligned_baseline,8,6,conv_sequential,0.053382713347673416,0.053133321925997734,0.05457240715622902,0.053382713347673416,0.053133321925997734,0.05457240715622902
aligned_baseline,8,6,fwht,0.040597185492515564,0.0412729037925601,0.04043117817491293,0.040597185492515564,0.04043117817491293,0.0412729037925601
aligned_baseline,8,6,kronecker_binary,0.04210466053336859,0.0424109548330307,0.041548329405486584,0.04210466053336859,0.041548329405486584,0.0424109548330307
aligned_baseline,8,6,pari_cyclic,0.13948463834822178,0.14183946885168552,0.14146736729890108,0.14146736729890108,0.13948463834822178,0.14183946885168552
aligned_baseline,8,8,conv_binary,0.0491450410336256,0.05091001093387604,0.050359862856566906,0.050359862856566906,0.0491450410336256,0.05091001093387604
aligned_baseline,8,8,conv_sequential,0.058362689800560474,0.05800099577754736,0.05941137857735157,0.058362689800560474,0.05800099577754736,0.05941137857735157
aligned_baseline,8,8,fwht,0.04010534565895796,0.040417300537228584,0.04185367841273546,0.040417300537228584,0.04010534565895796,0.04185367841273546
aligned_baseline,8,8,kronecker_binary,0.04182067885994911,0.041500285267829895,0.04293405544012785,0.04182067885994911,0.041500285267829895,0.04293405544012785
aligned_baseline,8,8,pari_cyclic,0.13995886873453856,0.14181796461343765,0.14124775491654873,0.14124775491654873,0.13995886873453856,0.14181796461343765
aligned_baseline,8,12,conv_binary,0.05158556066453457,0.053220652975142,0.05338818021118641,0.053220652975142,0.05158556066453457,0.05338818021118641
aligned_baseline,8,12,conv_sequential,0.06783445458859205,0.06878098100423813,0.07023070845752954,0.06878098100423813,0.06783445458859205,0.07023070845752954
aligned_baseline,8,12,fwht,0.04145073797553778,0.041622613556683064,0.04082486778497696,0.04145073797553778,0.04082486778497696,0.041622613556683064
aligned_baseline,8,12,kronecker_binary,0.04121998604387045,0.042025608010590076,0.04324628505855799,0.042025608010590076,0.04121998604387045,0.04324628505855799
aligned_baseline,8,12,pari_cyclic,0.14021320641040802,0.14085491467267275,0.14287724625319242,0.14085491467267275,0.14021320641040802,0.14287724625319242
aligned_baseline,8,16,conv_binary,0.054090860299766064,0.05366564728319645,0.053087021224200726,0.05366564728319645,0.053087021224200726,0.054090860299766064
aligned_baseline,8,16,conv_sequential,0.08047038968652487,0.08044297434389591,0.08000413421541452,0.08044297434389591,0.08000413421541452,0.08047038968652487
aligned_baseline,8,16,fwht,0.042060939595103264,0.042044482193887234,0.04136562440544367,0.042044482193887234,0.04136562440544367,0.042060939595103264
aligned_baseline,8,16,kronecker_binary,0.04277168121188879,0.04242126177996397,0.04221047926694155,0.04242126177996397,0.04221047926694155,0.04277168121188879
aligned_baseline,8,16,pari_cyclic,0.14086373895406723,0.1419927952811122,0.14056950714439154,0.14086373895406723,0.14056950714439154,0.1419927952811122
aligned_baseline,12,4,conv_binary,2.112648870795965,2.148754452355206,2.147684562020004,2.147684562020004,2.112648870795965,2.148754452355206
aligned_baseline,12,4,conv_sequential,2.257249053567648,2.2644863184541464,2.2581309797242284,2.2581309797242284,2.257249053567648,2.2644863184541464
aligned_baseline,12,4,fwht,0.04750791285187006,0.04788667894899845,0.04821487981826067,0.04788667894899845,0.04750791285187006,0.04821487981826067
aligned_baseline,12,4,kronecker_binary,0.08729200158268213,0.08789521642029285,0.08784593641757965,0.08784593641757965,0.08729200158268213,0.08789521642029285
aligned_baseline,12,4,pari_cyclic,0.2846078798174858,0.2832678696140647,0.2839217483997345,0.2839217483997345,0.2832678696140647,0.2846078798174858
aligned_baseline,12,6,conv_binary,3.0455094631761312,2.9359174706041813,2.962123275734484,2.962123275734484,2.9359174706041813,3.0455094631761312
aligned_baseline,12,6,conv_sequential,3.7981357779353857,4.066265895962715,3.8131155781447887,3.8131155781447887,3.7981357779353857,4.066265895962715
aligned_baseline,12,6,fwht,0.0510272728279233,0.05083975940942764,0.050240819342434406,0.05083975940942764,0.050240819342434406,0.0510272728279233
aligned_baseline,12,6,kronecker_binary,0.09351564291864634,0.09202862996608019,0.09277858678251505,0.09277858678251505,0.09202862996608019,0.09351564291864634
aligned_baseline,12,6,pari_cyclic,0.35742792673408985,0.3536924282088876,0.3538133082911372,0.3538133082911372,0.3536924282088876,0.35742792673408985
aligned_baseline,12,8,conv_binary,3.054123280569911,3.0573613457381725,3.1685960311442614,3.0573613457381725,3.054123280569911,3.1685960311442614
aligned_baseline,12,8,conv_sequential,5.652275306172669,5.631144050508738,5.610457057133317,5.631144050508738,5.610457057133317,5.652275306172669
aligned_baseline,12,8,fwht,0.05569220148026943,0.055948118679225445,0.055775885470211506,0.055775885470211506,0.05569220148026943,0.055948118679225445
aligned_baseline,12,8,kronecker_binary,0.0930046122521162,0.09157725144177675,0.09172744955867529,0.09172744955867529,0.09157725144177675,0.0930046122521162
aligned_baseline,12,8,pari_cyclic,0.35370301734656096,0.35474183037877083,0.3531632134690881,0.35370301734656096,0.3531632134690881,0.35474183037877083
aligned_baseline,12,12,conv_binary,4.021418184041977,4.066407765261829,4.080634544603527,4.066407765261829,4.021418184041977,4.080634544603527
aligned_baseline,12,12,conv_sequential,9.1302705174312,9.670890990644693,9.17994537204504,9.17994537204504,9.1302705174312,9.670890990644693
aligned_baseline,12,12,fwht,0.06446594186127186,0.06388678029179573,0.0636336226016283,0.06388678029179573,0.0636336226016283,0.06446594186127186
aligned_baseline,12,12,kronecker_binary,0.10172747168689966,0.1012073578312993,0.10130840260535479,0.10130840260535479,0.1012073578312993,0.10172747168689966
aligned_baseline,12,12,pari_cyclic,0.427427907474339,0.42939188703894615,0.4298504972830415,0.42939188703894615,0.427427907474339,0.4298504972830415
aligned_baseline,12,16,conv_binary,3.9304200876504183,3.9424623865634203,3.911984633654356,3.9304200876504183,3.911984633654356,3.9424623865634203
aligned_baseline,12,16,conv_sequential,12.477171687409282,12.44248385168612,12.293765125796199,12.44248385168612,12.293765125796199,12.477171687409282
aligned_baseline,12,16,fwht,0.0712768854573369,0.07121975161135197,0.0695999227464199,0.07121975161135197,0.0695999227464199,0.0712768854573369
aligned_baseline,12,16,kronecker_binary,0.10133185889571905,0.10108543932437897,0.10014752112329006,0.10108543932437897,0.10014752112329006,0.10133185889571905
aligned_baseline,12,16,pari_cyclic,0.42982617765665054,0.4276660392060876,0.4226981205865741,0.4276660392060876,0.4226981205865741,0.42982617765665054
aligned_baseline,16,4,conv_binary,566.3655127119273,579.8515052041039,583.0239128954709,579.8515052041039,566.3655127119273,583.0239128954709
aligned_baseline,16,4,conv_sequential,620.7331883646548,628.5456034978852,630.5968045489863,628.5456034978852,620.7331883646548,630.5968045489863
aligned_baseline,16,4,fwht,0.1788902934640646,0.1796229826286435,0.1777603067457676,0.1788902934640646,0.1777603067457676,0.1796229826286435
aligned_baseline,16,4,kronecker_binary,1.436716434545815,1.4343179957941175,1.4244487565010786,1.4343179957941175,1.4244487565010786,1.436716434545815
aligned_baseline,16,4,pari_cyclic,36.67685577273369,36.17801197618246,36.491848366335034,36.491848366335034,36.17801197618246,36.67685577273369
aligned_baseline,16,6,conv_binary,867.4505742816254,888.2043469892815,875.2259982964024,875.2259982964024,867.4505742816254,888.2043469892815
aligned_baseline,16,6,conv_sequential,1157.9795370968059,1189.3339260425419,1171.9896156182513,1171.9896156182513,1157.9795370968059,1189.3339260425419
aligned_baseline,16,6,fwht,0.2707466520369053,0.27935124933719635,0.2691047452390194,0.2707466520369053,0.2691047452390194,0.27935124933719635
aligned_baseline,16,6,kronecker_binary,1.791630164720118,1.7875172542408109,1.7994893761351705,1.791630164720118,1.7875172542408109,1.7994893761351705
aligned_baseline,16,6,pari_cyclic,54.50013444758952,54.990169676952064,54.452131058089435,54.50013444758952,54.452131058089435,54.990169676952064
aligned_baseline,16,8,conv_binary,883.3930001389235,887.7477716784924,863.3788779685274,883.3930001389235,863.3788779685274,887.7477716784924
aligned_baseline,16,8,conv_sequential,1674.6093094879761,1708.6051595145836,1665.6013132631779,1674.6093094879761,1665.6013132631779,1708.6051595145836
aligned_baseline,16,8,fwht,0.3674527555704117,0.3648361451923847,0.3656615009531379,0.3656615009531379,0.3648361451923847,0.3674527555704117
aligned_baseline,16,8,kronecker_binary,1.7803062666207552,1.774453234858811,1.7809017850086093,1.7803062666207552,1.774453234858811,1.7809017850086093
aligned_baseline,16,8,pari_cyclic,54.48728225659579,54.586393686942756,54.40361012518406,54.48728225659579,54.40361012518406,54.586393686942756
aligned_baseline,16,12,conv_binary,1101.23770455271,1107.7648256802931,1095.3781747072935,1101.23770455271,1095.3781747072935,1107.7648256802931
aligned_baseline,16,12,conv_sequential,2569.870994041674,2515.8219030350447,2517.8164837853983,2517.8164837853983,2515.8219030350447,2569.870994041674
aligned_baseline,16,12,fwht,0.5408954815939069,0.5312834149226546,0.548774803057313,0.5408954815939069,0.5312834149226546,0.548774803057313
aligned_baseline,16,12,kronecker_binary,2.676989699713886,2.677933874540031,2.669197899289429,2.676989699713886,2.669197899289429,2.677933874540031
aligned_baseline,16,12,pari_cyclic,72.60428743064404,73.00270731095225,72.69078699219972,72.69078699219972,72.60428743064404,73.00270731095225
aligned_baseline,16,16,conv_binary,1097.126833010465,1126.5697166584432,1093.3840010752901,1097.126833010465,1093.3840010752901,1126.5697166584432
aligned_baseline,16,16,conv_sequential,3459.8280678158626,3494.1971208238974,3432.3448204342276,3459.8280678158626,3432.3448204342276,3494.1971208238974
aligned_baseline,16,16,fwht,0.7064172187820077,0.6945736790075898,0.6999485716223717,0.6999485716223717,0.6945736790075898,0.7064172187820077
aligned_baseline,16,16,kronecker_binary,2.6836493676528335,2.713124212808907,2.686250972561538,2.686250972561538,2.6836493676528335,2.713124212808907
aligned_baseline,16,16,pari_cyclic,72.5387492403388,71.99272162467241,73.92156338691711,72.5387492403388,71.99272162467241,73.92156338691711
aligned_reference,4,4,ah_block_second,0.07165488041937351,0.07161615509539843,0.0719210896641016,0.07165488041937351,0.07161615509539843,0.0719210896641016
aligned_reference,4,4,ordinary_int,0.05915781110525131,0.05745852831751108,0.058284993283450603,0.058284993283450603,0.05745852831751108,0.05915781110525131
aligned_reference,4,6,ah_block_second,0.07249718904495239,0.0722287055104971,0.07296103984117508,0.07249718904495239,0.0722287055104971,0.07296103984117508
aligned_reference,4,6,ordinary_int,0.0594019778072834,0.05919089075177908,0.0593772204592824,0.0593772204592824,0.05919089075177908,0.0594019778072834
aligned_reference,4,8,ah_block_second,0.07307751756161451,0.07306457310914993,0.07263131067156792,0.07306457310914993,0.07263131067156792,0.07307751756161451
aligned_reference,4,8,ordinary_int,0.06270940415561199,0.06297371909022331,0.0637069633230567,0.06297371909022331,0.06270940415561199,0.0637069633230567
aligned_reference,4,12,ah_block_second,0.0760975843295455,0.07558203767985106,0.07565382402390242,0.07565382402390242,0.07558203767985106,0.0760975843295455
aligned_reference,4,12,ordinary_int,0.07595150638371706,0.0756235271692276,0.0749207716435194,0.0756235271692276,0.0749207716435194,0.07595150638371706
aligned_reference,4,16,ah_block_second,0.07806517835706472,0.07921885792165995,0.0790370274335146,0.0790370274335146,0.07806517835706472,0.07921885792165995
aligned_reference,4,16,ordinary_int,0.09498453978449106,0.09516454301774502,0.09414606913924217,0.09498453978449106,0.09414606913924217,0.09516454301774502
aligned_reference,6,4,ah_block_second,0.07247165963053703,0.07291400525718927,0.07238444220274687,0.07247165963053703,0.07238444220274687,0.07291400525718927
aligned_reference,6,4,ordinary_int,0.059903524816036224,0.058986006304621696,0.059688677079975605,0.059688677079975605,0.058986006304621696,0.059903524816036224
aligned_reference,6,6,ah_block_second,0.07459782343357801,0.07295940537005663,0.07416454702615738,0.07416454702615738,0.07295940537005663,0.07459782343357801
aligned_reference,6,6,ordinary_int,0.060998499393463135,0.06194768752902746,0.06113013904541731,0.06113013904541731,0.060998499393463135,0.06194768752902746
aligned_reference,6,8,ah_block_second,0.07443164009600878,0.0747966505587101,0.07419316656887531,0.07443164009600878,0.07419316656887531,0.0747966505587101
aligned_reference,6,8,ordinary_int,0.06718944758176804,0.06667762529104948,0.06653332524001598,0.06667762529104948,0.06653332524001598,0.06718944758176804
aligned_reference,6,12,ah_block_second,0.07868258282542229,0.07925776299089193,0.07801150716841221,0.07868258282542229,0.07801150716841221,0.07925776299089193
aligned_reference,6,12,ordinary_int,0.08416793216019869,0.08280920423567295,0.08335107658058405,0.08335107658058405,0.08280920423567295,0.08416793216019869
aligned_reference,6,16,ah_block_second,0.08512386865913868,0.0847584716975689,0.08636345434933901,0.08512386865913868,0.0847584716975689,0.08636345434933901
aligned_reference,6,16,ordinary_int,0.11119718197733164,0.11156896501779556,0.11072160676121712,0.11119718197733164,0.11072160676121712,0.11156896501779556
aligned_reference,8,4,ah_block_second,0.07489306200295687,0.07458873931318521,0.07448367401957512,0.07458873931318521,0.07448367401957512,0.07489306200295687
aligned_reference,8,4,ordinary_int,0.06132172793149948,0.06004696525633335,0.061331747099757195,0.06132172793149948,0.06004696525633335,0.061331747099757195
aligned_reference,8,6,ah_block_second,0.0748694846406579,0.0770321236923337,0.07540307007730007,0.07540307007730007,0.0748694846406579,0.0770321236923337
aligned_reference,8,6,ordinary_int,0.06486649345606565,0.06349135935306549,0.0632435791194439,0.06349135935306549,0.0632435791194439,0.06486649345606565
aligned_reference,8,8,ah_block_second,0.07720098178833723,0.07691324595361948,0.07970878761261702,0.07720098178833723,0.07691324595361948,0.07970878761261702
aligned_reference,8,8,ordinary_int,0.07046636659651995,0.07106415182352066,0.07104793284088373,0.07104793284088373,0.07046636659651995,0.07106415182352066
aligned_reference,8,12,ah_block_second,0.08127758745104074,0.08186966646462679,0.08111737947911024,0.08127758745104074,0.08111737947911024,0.08186966646462679
aligned_reference,8,12,ordinary_int,0.09254128206521273,0.09345530904829502,0.09282184671610594,0.09282184671610594,0.09254128206521273,0.09345530904829502
aligned_reference,8,16,ah_block_second,0.10014411248266697,0.09707977063953876,0.09961805585771799,0.09961805585771799,0.09707977063953876,0.10014411248266697
aligned_reference,8,16,ordinary_int,0.13669227343052626,0.1337737636640668,0.1339340889826417,0.1339340889826417,0.1337737636640668,0.13669227343052626
aligned_reference,12,4,ah_block_second,0.07407559640705585,0.0739515321329236,0.0744714429602027,0.07407559640705585,0.0739515321329236,0.0744714429602027
aligned_reference,12,4,ordinary_int,0.061064488254487514,0.06115211080759764,0.061158232390880585,0.06115211080759764,0.061064488254487514,0.061158232390880585
aligned_reference,12,6,ah_block_second,0.07644587755203247,0.07616124302148819,0.07894751243293285,0.07644587755203247,0.07616124302148819,0.07894751243293285
aligned_reference,12,6,ordinary_int,0.06629837490618229,0.06652169581502676,0.06597295496612787,0.06629837490618229,0.06597295496612787,0.06652169581502676
aligned_reference,12,8,ah_block_second,0.07848932035267353,0.07856429368257523,0.07828760705888271,0.07848932035267353,0.07828760705888271,0.07856429368257523
aligned_reference,12,8,ordinary_int,0.07537782844156027,0.07567253150045872,0.07586920168250799,0.07567253150045872,0.07537782844156027,0.07586920168250799
aligned_reference,12,12,ah_block_second,0.09604935999959707,0.09629134740680456,0.09516326524317265,0.09604935999959707,0.09516326524317265,0.09629134740680456
aligned_reference,12,12,ordinary_int,0.11830793786793947,0.11754566989839077,0.11830647941678762,0.11830647941678762,0.11754566989839077,0.11830793786793947
aligned_reference,12,16,ah_block_second,0.11988877039402723,0.12011216674000025,0.11899374052882195,0.11988877039402723,0.11899374052882195,0.12011216674000025
aligned_reference,12,16,ordinary_int,0.17633804585784674,0.17613013833761215,0.17510591633617878,0.17613013833761215,0.17510591633617878,0.17633804585784674
aligned_reference,16,4,ah_block_second,0.07725816778838634,0.07774493657052517,0.07799640856683254,0.07774493657052517,0.07725816778838634,0.07799640856683254
aligned_reference,16,4,ordinary_int,0.06401523854583502,0.0647821445018053,0.06474144756793976,0.06474144756793976,0.06401523854583502,0.0647821445018053
aligned_reference,16,6,ah_block_second,0.07908658403903246,0.08056413475424051,0.0803086468949914,0.0803086468949914,0.07908658403903246,0.08056413475424051
aligned_reference,16,6,ordinary_int,0.07051017973572016,0.07046574540436268,0.07034011650830507,0.07046574540436268,0.07034011650830507,0.07051017973572016
aligned_reference,16,8,ah_block_second,0.09078711923211813,0.09123265743255615,0.09047586005181074,0.09078711923211813,0.09047586005181074,0.09123265743255615
aligned_reference,16,8,ordinary_int,0.09069428499788046,0.09039571043103933,0.09099852666258812,0.09069428499788046,0.09039571043103933,0.09099852666258812
aligned_reference,16,12,ah_block_second,0.11117972619831562,0.11150101386010647,0.11004671640694141,0.11117972619831562,0.11004671640694141,0.11150101386010647
aligned_reference,16,12,ordinary_int,0.14543840661644936,0.14667346142232418,0.14478718861937523,0.14543840661644936,0.14478718861937523,0.14667346142232418
aligned_reference,16,16,ah_block_second,0.16536827199161053,0.1647327160462737,0.16488329879939556,0.16488329879939556,0.1647327160462737,0.16536827199161053
aligned_reference,16,16,ordinary_int,0.25161133520305157,0.25143043603748083,0.2499288935214281,0.25143043603748083,0.2499288935214281,0.25161133520305157
even_n36,36,4,ah_block_second,0.09671449288725853,0.09742244146764278,0.09336515422910452,0.09671449288725853,0.09336515422910452,0.09742244146764278
even_n36,36,4,ordinary_int,0.08578646834939718,0.08631661254912615,0.08161617163568735,0.08578646834939718,0.08161617163568735,0.08631661254912615
even_n36,36,8,ah_block_second,0.16150971967726946,0.1676841489970684,0.1677839308977127,0.1676841489970684,0.16150971967726946,0.1677839308977127
even_n36,36,8,ordinary_int,0.1793700698763132,0.18299518153071404,0.18368232157081366,0.18299518153071404,0.1793700698763132,0.18368232157081366
even_n36,36,16,ah_block_second,0.9537866981700063,0.9492426039651036,0.9655960071831942,0.9537866981700063,0.9492426039651036,0.9655960071831942
even_n36,36,16,ordinary_int,1.1321240961551666,1.1269937381148338,1.1445254040881991,1.1321240961551666,1.1269937381148338,1.1445254040881991
even_n36,36,24,ah_block_second,3.849145627580583,3.6306954752653837,3.799408605322242,3.799408605322242,3.6306954752653837,3.849145627580583
even_n36,36,24,ordinary_int,4.358945495449007,4.259736962616444,4.294769925065339,4.294769925065339,4.259736962616444,4.358945495449007
even_n36,36,32,ah_block_second,11.748359376564622,11.779333512298763,11.895917835645378,11.779333512298763,11.748359376564622,11.895917835645378
even_n36,36,32,ordinary_int,12.282338379882276,12.240042285993695,12.295794429257512,12.282338379882276,12.240042285993695,12.295794429257512
even_n36,36,48,ah_block_second,57.994107202626765,58.01297012902796,56.74039173312485,57.994107202626765,56.74039173312485,58.01297012902796
even_n36,36,48,ordinary_int,58.94800633657724,59.19852142967284,58.416247704066336,58.94800633657724,58.416247704066336,59.19852142967284
even_n36,36,64,ah_block_second,257.85945665370673,249.93695764243603,251.2941509662196,251.2941509662196,249.93695764243603,257.85945665370673
even_n36,36,64,ordinary_int,255.53503691963851,250.39688231702894,249.04266064893454,250.39688231702894,249.04266064893454,255.53503691963851
even_serial,8,4,ah_block_second,0.07489306200295687,0.07458873931318521,0.07448367401957512,0.07458873931318521,0.07448367401957512,0.07489306200295687
even_serial,8,4,ordinary_int,0.06132172793149948,0.06004696525633335,0.061331747099757195,0.06132172793149948,0.06004696525633335,0.061331747099757195
even_serial,8,8,ah_block_second,0.07720098178833723,0.07691324595361948,0.07970878761261702,0.07720098178833723,0.07691324595361948,0.07970878761261702
even_serial,8,8,ordinary_int,0.07046636659651995,0.07106415182352066,0.07104793284088373,0.07104793284088373,0.07046636659651995,0.07106415182352066
even_serial,8,16,ah_block_second,0.10014411248266697,0.09707977063953876,0.09961805585771799,0.09961805585771799,0.09707977063953876,0.10014411248266697
even_serial,8,16,ordinary_int,0.13669227343052626,0.1337737636640668,0.1339340889826417,0.1339340889826417,0.1337737636640668,0.13669227343052626
even_serial,8,24,ah_block_second,0.13343308493494987,0.1326495250687003,0.13234318606555462,0.1326495250687003,0.13234318606555462,0.13343308493494987
even_serial,8,24,ordinary_int,0.26097659580409527,0.26044904068112373,0.260320876725018,0.26044904068112373,0.260320876725018,0.26097659580409527
even_serial,8,32,ah_block_second,0.2107656067237258,0.21273279003798962,0.21125985868275166,0.21125985868275166,0.2107656067237258,0.21273279003798962
even_serial,8,32,ordinary_int,0.4515166487544775,0.4506772281602025,0.45246736239641905,0.4515166487544775,0.4506772281602025,0.45246736239641905
even_serial,8,48,ah_block_second,0.7266416624188423,0.7240418633446097,0.7217841930687428,0.7240418633446097,0.7217841930687428,0.7266416624188423
even_serial,8,48,ordinary_int,1.4033962711691856,1.4031767752021551,1.402516440488398,1.4031767752021551,1.402516440488398,1.4033962711691856
even_serial,8,64,ah_block_second,1.7420347817242146,1.7258485592901707,1.7499503968283534,1.7420347817242146,1.7258485592901707,1.7499503968283534
even_serial,8,64,ordinary_int,3.0267848055809736,3.0300430711358786,3.0331569565460086,3.0300430711358786,3.0267848055809736,3.0331569565460086
even_serial,16,4,ah_block_second,0.07725816778838634,0.07774493657052517,0.07799640856683254,0.07774493657052517,0.07725816778838634,0.07799640856683254
even_serial,16,4,ordinary_int,0.06401523854583502,0.0647821445018053,0.06474144756793976,0.06474144756793976,0.06401523854583502,0.0647821445018053
even_serial,16,8,ah_block_second,0.09078711923211813,0.09123265743255615,0.09047586005181074,0.09078711923211813,0.09047586005181074,0.09123265743255615
even_serial,16,8,ordinary_int,0.09069428499788046,0.09039571043103933,0.09099852666258812,0.09069428499788046,0.09039571043103933,0.09099852666258812
even_serial,16,16,ah_block_second,0.16536827199161053,0.1647327160462737,0.16488329879939556,0.16488329879939556,0.1647327160462737,0.16536827199161053
even_serial,16,16,ordinary_int,0.25161133520305157,0.25143043603748083,0.2499288935214281,0.25143043603748083,0.2499288935214281,0.25161133520305157
even_serial,16,24,ah_block_second,0.36960017308592796,0.3738124147057533,0.3728228146210313,0.3728228146210313,0.36960017308592796,0.3738124147057533
even_serial,16,24,ordinary_int,0.6087702577933669,0.6101874802261591,0.6091030929237604,0.6091030929237604,0.6087702577933669,0.6101874802261591
even_serial,16,32,ah_block_second,0.8997563691809773,0.9017419908195734,0.8942621797323227,0.8997563691809773,0.8942621797323227,0.9017419908195734
even_serial,16,32,ordinary_int,1.3240863289684057,1.3240633895620704,1.318311545997858,1.3240633895620704,1.318311545997858,1.3240863289684057
even_serial,16,48,ah_block_second,7.095445152372122,7.130359964445233,7.094684639945626,7.095445152372122,7.094684639945626,7.130359964445233
even_serial,16,48,ordinary_int,7.920205131173134,7.928205185569823,7.899031166918576,7.920205131173134,7.899031166918576,7.928205185569823
even_serial,16,64,ah_block_second,23.17575602326542,22.880528858862817,22.60801479406655,22.880528858862817,22.60801479406655,23.17575602326542
even_serial,16,64,ordinary_int,24.53400560375303,24.91597448196262,24.817908755503595,24.817908755503595,24.53400560375303,24.91597448196262
even_serial,24,4,ah_block_second,0.081566097214818,0.0812556017190218,0.08228409849107265,0.081566097214818,0.0812556017190218,0.08228409849107265
even_serial,24,4,ordinary_int,0.06901280116289854,0.06961312796920538,0.06854396220296621,0.06901280116289854,0.06854396220296621,0.06961312796920538
even_serial,24,8,ah_block_second,0.10887708235532045,0.10796274337917566,0.10965688433498144,0.10887708235532045,0.10796274337917566,0.10965688433498144
even_serial,24,8,ordinary_int,0.11534547246992588,0.11705836746841669,0.11458378285169601,0.11534547246992588,0.11458378285169601,0.11705836746841669
even_serial,24,16,ah_block_second,0.3265345236286521,0.3253027284517884,0.3268151441588998,0.3265345236286521,0.3253027284517884,0.3268151441588998
even_serial,24,16,ordinary_int,0.4527161167934537,0.453960825689137,0.4545675255358219,0.453960825689137,0.4527161167934537,0.4545675255358219
even_serial,24,24,ah_block_second,1.0760401049628854,1.0676223961636424,1.0610765432938933,1.0676223961636424,1.0610765432938933,1.0760401049628854
even_serial,24,24,ordinary_int,1.4153738236054778,1.4132992243394256,1.4306244784966111,1.4153738236054778,1.4132992243394256,1.4306244784966111
even_serial,24,32,ah_block_second,2.9463947424665093,2.9085190379992127,2.9122474240139127,2.9122474240139127,2.9085190379992127,2.9463947424665093
even_serial,24,32,ordinary_int,3.538088548928499,3.49754211679101,3.494106452912092,3.49754211679101,3.494106452912092,3.538088548928499
even_serial,24,48,ah_block_second,27.883877442218363,28.036377450451255,27.997284028679132,27.997284028679132,27.883877442218363,28.036377450451255
even_serial,24,48,ordinary_int,29.0743099572137,29.07597974129021,29.01213122718036,29.0743099572137,29.01213122718036,29.07597974129021
even_serial,24,64,ah_block_second,74.18965500686318,74.59840261656791,74.65667318925261,74.59840261656791,74.18965500686318,74.65667318925261
even_serial,24,64,ordinary_int,76.23511308245361,76.06864300556481,76.23279483616352,76.23279483616352,76.06864300556481,76.23511308245361
even_serial,32,4,ah_block_second,0.09221444837749004,0.09216097928583622,0.09257873333990574,0.09221444837749004,0.09216097928583622,0.09257873333990574
even_serial,32,4,ordinary_int,0.08087494503706694,0.08368583302944899,0.0808328129351139,0.08087494503706694,0.0808328129351139,0.08368583302944899
even_serial,32,8,ah_block_second,0.1424489924684167,0.14188429899513721,0.14133857935667038,0.14188429899513721,0.14133857935667038,0.1424489924684167
even_serial,32,8,ordinary_int,0.15499447286128998,0.1543148858472705,0.15377748664468527,0.1543148858472705,0.15377748664468527,0.15499447286128998
even_serial,32,16,ah_block_second,0.6199573185294867,0.6230914238840342,0.6203161599114537,0.6203161599114537,0.6199573185294867,0.6230914238840342
even_serial,32,16,ordinary_int,0.7842291109263897,0.7836954975500703,0.7845787294209003,0.7842291109263897,0.7836954975500703,0.7845787294209003
even_serial,32,24,ah_block_second,2.356334736570716,2.3555803513154387,2.3543966207653284,2.3555803513154387,2.3543966207653284,2.356334736570716
even_serial,32,24,ordinary_int,2.811727564781904,2.809210508130491,2.8108945107087493,2.8108945107087493,2.809210508130491,2.811727564781904
even_serial,32,32,ah_block_second,7.738535606302321,7.756176161579788,7.740170673467219,7.740170673467219,7.738535606302321,7.756176161579788
even_serial,32,32,ordinary_int,8.282111493870616,8.3688581911847,8.292233483865857,8.292233483865857,8.282111493870616,8.3688581911847
even_serial,32,48,ah_block_second,38.17511638440192,38.31802596151829,38.12009452376515,38.17511638440192,38.12009452376515,38.31802596151829
even_serial,32,48,ordinary_int,39.171890914440155,39.09424510039389,38.886583814397454,39.09424510039389,38.886583814397454,39.171890914440155
even_serial,32,64,ah_block_second,161.33967900276184,161.78583652712405,161.43622699659318,161.43622699659318,161.33967900276184,161.78583652712405
even_serial,32,64,ordinary_int,160.78584240656346,161.89347767550498,161.00095433741808,161.00095433741808,160.78584240656346,161.89347767550498
even_serial,48,4,ah_block_second,0.11204116139560938,0.11253241077065468,0.1124795088544488,0.1124795088544488,0.11204116139560938,0.11253241077065468
even_serial,48,4,ordinary_int,0.10094975680112839,0.10021083243191242,0.10061701480299234,0.10061701480299234,0.10021083243191242,0.10094975680112839
even_serial,48,8,ah_block_second,0.26404708810150623,0.264795926399529,0.26460185553878546,0.26460185553878546,0.26404708810150623,0.264795926399529
even_serial,48,8,ordinary_int,0.2844254011288285,0.28349332325160503,0.28464318066835403,0.2844254011288285,0.28349332325160503,0.28464318066835403
even_serial,48,16,ah_block_second,1.9553389977663755,1.9429966174066067,1.9237619722262025,1.9429966174066067,1.9237619722262025,1.9553389977663755
even_serial,48,16,ordinary_int,2.1110355025157332,2.117233233526349,2.1126835718750954,2.1126835718750954,2.1110355025157332,2.117233233526349
even_serial,48,24,ah_block_second,8.133888377808034,8.138663494959474,8.131502354517579,8.133888377808034,8.131502354517579,8.138663494959474
even_serial,48,24,ordinary_int,8.539796711876988,8.542081756517291,8.535037982277572,8.539796711876988,8.535037982277572,8.542081756517291
even_serial,48,32,ah_block_second,24.51091064233333,24.505524154752493,24.582758273929358,24.51091064233333,24.505524154752493,24.582758273929358
even_serial,48,32,ordinary_int,24.59761345665902,24.586258101277053,24.4904253911227,24.586258101277053,24.4904253911227,24.59761345665902
even_serial,48,48,ah_block_second,126.34752490092069,126.30144416540861,126.45218219328672,126.34752490092069,126.30144416540861,126.45218219328672
even_serial,48,48,ordinary_int,124.55109265912324,124.7475969241932,124.76579906605184,124.7475969241932,124.55109265912324,124.76579906605184
even_serial,48,64,ah_block_second,547.4785347469151,547.4052687212825,548.674921695143,547.4785347469151,547.4052687212825,548.674921695143
even_serial,48,64,ordinary_int,536.6222409401089,537.755319468677,537.4251141827554,537.4251141827554,536.6222409401089,537.755319468677
even_serial,64,4,ah_block_second,0.1676429184153676,0.16677754931151867,0.16593893244862556,0.16677754931151867,0.16593893244862556,0.1676429184153676
even_serial,64,4,ordinary_int,0.15093923825770617,0.15082091558724642,0.1514190649613738,0.15093923825770617,0.15082091558724642,0.1514190649613738
even_serial,64,8,ah_block_second,0.5298858489841223,0.5314517989754677,0.530102257616818,0.530102257616818,0.5298858489841223,0.5314517989754677
even_serial,64,8,ordinary_int,0.5421032179147005,0.541786284185946,0.5424129478633404,0.5421032179147005,0.541786284185946,0.5424129478633404
even_serial,64,16,ah_block_second,4.016563049517572,4.046215256676078,4.015707112848759,4.016563049517572,4.015707112848759,4.046215256676078
even_serial,64,16,ordinary_int,4.093752392567694,4.168772442266345,4.105481359176338,4.105481359176338,4.093752392567694,4.168772442266345
even_serial,64,24,ah_block_second,18.49588753376156,18.411581019870937,18.171827364712954,18.411581019870937,18.171827364712954,18.49588753376156
even_serial,64,24,ordinary_int,18.33990235067904,18.300343241542578,17.734436351805925,18.300343241542578,17.734436351805925,18.33990235067904
even_serial,64,32,ah_block_second,54.16174288094044,54.0592346675694,54.23770544864237,54.16174288094044,54.0592346675694,54.23770544864237
even_serial,64,32,ordinary_int,51.9701918233186,51.96404542122036,51.99724970199168,51.9701918233186,51.96404542122036,51.99724970199168
even_serial,64,48,ah_block_second,264.86313597206026,266.831912974827,266.91478132642806,266.831912974827,264.86313597206026,266.91478132642806
even_serial,64,48,ordinary_int,250.73817087616771,250.06394947413355,249.82004615478218,250.06394947413355,249.82004615478218,250.73817087616771
even_serial,64,64,ah_block_second,1233.6505136648193,1235.6461409088224,1234.8025854369625,1234.8025854369625,1233.6505136648193,1235.6461409088224
even_serial,64,64,ordinary_int,1191.9745756695047,1192.6767763616517,1192.4130057534203,1192.4130057534203,1191.9745756695047,1192.6767763616517
figure1_extension,24,4,ah_block_second,0.081566097214818,0.0812556017190218,0.08228409849107265,0.081566097214818,0.0812556017190218,0.08228409849107265
figure1_extension,24,4,ordinary_int,0.06901280116289854,0.06961312796920538,0.06854396220296621,0.06901280116289854,0.06854396220296621,0.06961312796920538
figure1_extension,24,6,ah_block_second,0.09337105229496956,0.0931995939463377,0.09329869225621223,0.09329869225621223,0.0931995939463377,0.09337105229496956
figure1_extension,24,6,ordinary_int,0.08641965314745903,0.08617611415684223,0.08746437821537256,0.08641965314745903,0.08617611415684223,0.08746437821537256
figure1_extension,24,8,ah_block_second,0.10887708235532045,0.10796274337917566,0.10965688433498144,0.10887708235532045,0.10796274337917566,0.10965688433498144
figure1_extension,24,8,ordinary_int,0.11534547246992588,0.11705836746841669,0.11458378285169601,0.11534547246992588,0.11458378285169601,0.11705836746841669
figure1_extension,24,12,ah_block_second,0.1722228517755866,0.1738132145255804,0.1732659712433815,0.1732659712433815,0.1722228517755866,0.1738132145255804
figure1_extension,24,12,ordinary_int,0.23968587070703506,0.24019835237413645,0.24016960058361292,0.24016960058361292,0.23968587070703506,0.24019835237413645
figure1_extension,24,16,ah_block_second,0.3265345236286521,0.3253027284517884,0.3268151441588998,0.3265345236286521,0.3253027284517884,0.3268151441588998
figure1_extension,24,16,ordinary_int,0.4527161167934537,0.453960825689137,0.4545675255358219,0.453960825689137,0.4527161167934537,0.4545675255358219
figure1_extension,32,4,ah_block_second,0.09221444837749004,0.09216097928583622,0.09257873333990574,0.09221444837749004,0.09216097928583622,0.09257873333990574
figure1_extension,32,4,ordinary_int,0.08087494503706694,0.08368583302944899,0.0808328129351139,0.08087494503706694,0.0808328129351139,0.08368583302944899
figure1_extension,32,6,ah_block_second,0.10354007594287395,0.10324861854314804,0.10389322973787785,0.10354007594287395,0.10324861854314804,0.10389322973787785
figure1_extension,32,6,ordinary_int,0.09879043325781822,0.09883066080510616,0.09929279703646898,0.09883066080510616,0.09879043325781822,0.09929279703646898
figure1_extension,32,8,ah_block_second,0.1424489924684167,0.14188429899513721,0.14133857935667038,0.14188429899513721,0.14133857935667038,0.1424489924684167
figure1_extension,32,8,ordinary_int,0.15499447286128998,0.1543148858472705,0.15377748664468527,0.1543148858472705,0.15377748664468527,0.15499447286128998
figure1_extension,32,12,ah_block_second,0.27942301146686077,0.27766801975667477,0.27889070473611355,0.27889070473611355,0.27766801975667477,0.27942301146686077
figure1_extension,32,12,ordinary_int,0.372092024423182,0.37150612007826567,0.37107239197939634,0.37150612007826567,0.37107239197939634,0.372092024423182
figure1_extension,32,16,ah_block_second,0.6199573185294867,0.6230914238840342,0.6203161599114537,0.6203161599114537,0.6199573185294867,0.6230914238840342
figure1_extension,32,16,ordinary_int,0.7842291109263897,0.7836954975500703,0.7845787294209003,0.7842291109263897,0.7836954975500703,0.7845787294209003
figure1_extension,48,4,ah_block_second,0.11204116139560938,0.11253241077065468,0.1124795088544488,0.1124795088544488,0.11204116139560938,0.11253241077065468
figure1_extension,48,4,ordinary_int,0.10094975680112839,0.10021083243191242,0.10061701480299234,0.10061701480299234,0.10021083243191242,0.10094975680112839
figure1_extension,48,6,ah_block_second,0.17734410054981709,0.177626877091825,0.1775034125894308,0.1775034125894308,0.17734410054981709,0.177626877091825
figure1_extension,48,6,ordinary_int,0.17428156360983849,0.17437690123915672,0.17480210028588772,0.17437690123915672,0.17428156360983849,0.17480210028588772
figure1_extension,48,8,ah_block_second,0.26404708810150623,0.264795926399529,0.26460185553878546,0.26460185553878546,0.26404708810150623,0.264795926399529
figure1_extension,48,8,ordinary_int,0.2844254011288285,0.28349332325160503,0.28464318066835403,0.2844254011288285,0.28349332325160503,0.28464318066835403
figure1_extension,48,12,ah_block_second,0.7566615948453546,0.7593616787344217,0.7590662315487862,0.7590662315487862,0.7566615948453546,0.7593616787344217
figure1_extension,48,12,ordinary_int,0.8827743763104081,0.880681486800313,0.881468172185123,0.881468172185123,0.880681486800313,0.8827743763104081
figure1_extension,48,16,ah_block_second,1.9553389977663755,1.9429966174066067,1.9237619722262025,1.9429966174066067,1.9237619722262025,1.9553389977663755
figure1_extension,48,16,ordinary_int,2.1110355025157332,2.117233233526349,2.1126835718750954,2.1126835718750954,2.1110355025157332,2.117233233526349
figure1_extension,64,4,ah_block_second,0.1676429184153676,0.16677754931151867,0.16593893244862556,0.16677754931151867,0.16593893244862556,0.1676429184153676
figure1_extension,64,4,ordinary_int,0.15093923825770617,0.15082091558724642,0.1514190649613738,0.15093923825770617,0.15082091558724642,0.1514190649613738
figure1_extension,64,6,ah_block_second,0.30469902604818344,0.30408900510519743,0.3045640867203474,0.3045640867203474,0.30408900510519743,0.30469902604818344
figure1_extension,64,6,ordinary_int,0.2998989447951317,0.2991818590089679,0.30171099584549665,0.2998989447951317,0.2991818590089679,0.30171099584549665
figure1_extension,64,8,ah_block_second,0.5298858489841223,0.5314517989754677,0.530102257616818,0.530102257616818,0.5298858489841223,0.5314517989754677
figure1_extension,64,8,ordinary_int,0.5421032179147005,0.541786284185946,0.5424129478633404,0.5421032179147005,0.541786284185946,0.5424129478633404
figure1_extension,64,12,ah_block_second,1.506850179284811,1.5172624522820115,1.5083503955975175,1.5083503955975175,1.506850179284811,1.5172624522820115
figure1_extension,64,12,ordinary_int,1.649586595594883,1.6477260887622833,1.6505193253979087,1.649586595594883,1.6477260887622833,1.6505193253979087
figure1_extension,64,16,ah_block_second,4.016563049517572,4.046215256676078,4.015707112848759,4.016563049517572,4.015707112848759,4.046215256676078
figure1_extension,64,16,ordinary_int,4.093752392567694,4.168772442266345,4.105481359176338,4.105481359176338,4.093752392567694,4.168772442266345
odd_even,8,3,ah_new,0.13873359374701977,0.14585174713283777,0.1595302429050207,0.14585174713283777,0.13873359374701977,0.1595302429050207
odd_even,8,3,fwht,0.09788090456277132,0.08572283666580915,0.08646026998758316,0.08646026998758316,0.08572283666580915,0.09788090456277132
odd_even,8,3,kronecker_binary,0.12753490544855595,0.0899188406765461,0.08694041520357132,0.0899188406765461,0.08694041520357132,0.12753490544855595
odd_even,8,3,ordinary_new,0.1372124832123518,0.1372258746996522,0.13424502965062857,0.1372124832123518,0.13424502965062857,0.1372258746996522
odd_even,8,4,ah_new,0.1450533578172326,0.14158278051763773,0.14328071288764477,0.14328071288764477,0.14158278051763773,0.1450533578172326
odd_even,8,4,fwht,0.08625645004212856,0.09236082062125206,0.08708184584975243,0.08708184584975243,0.08625645004212856,0.09236082062125206
odd_even,8,4,kronecker_binary,0.08692707680165768,0.08764127641916275,0.08789210114628077,0.08764127641916275,0.08692707680165768,0.08789210114628077
odd_even,8,4,ordinary_new,0.12582689244300127,0.13379816431552172,0.13596603646874428,0.13379816431552172,0.12582689244300127,0.13596603646874428
odd_even,8,7,ah_new,0.14319146238267422,0.1542642554268241,0.19361607916653156,0.1542642554268241,0.14319146238267422,0.19361607916653156
odd_even,8,7,fwht,0.08624028600752354,0.0865621380507946,0.10986425075680017,0.0865621380507946,0.08624028600752354,0.10986425075680017
odd_even,8,7,kronecker_binary,0.09649690799415112,0.08859305363148451,0.09008446149528027,0.09008446149528027,0.08859305363148451,0.09649690799415112
odd_even,8,7,ordinary_new,0.1426812158897519,0.13441788218915462,0.14521626755595207,0.1426812158897519,0.13441788218915462,0.14521626755595207
odd_even,8,8,ah_new,0.1447888594120741,0.15595225896686316,0.14466636069118977,0.1447888594120741,0.14466636069118977,0.15595225896686316
odd_even,8,8,fwht,0.09673688746988773,0.10631147399544716,0.1048023421317339,0.1048023421317339,0.09673688746988773,0.10631147399544716
odd_even,8,8,kronecker_binary,0.08614136837422848,0.10498476028442383,0.08814622834324837,0.08814622834324837,0.08614136837422848,0.10498476028442383
odd_even,8,8,ordinary_new,0.14985898043960333,0.1476676156744361,0.137021591886878,0.1476676156744361,0.137021591886878,0.14985898043960333
odd_even,8,15,ah_new,0.15604390110820532,0.16249634325504303,0.15722350776195526,0.15722350776195526,0.15604390110820532,0.16249634325504303
odd_even,8,15,fwht,0.1377946063876152,0.08692143205553293,0.08734756521880627,0.08734756521880627,0.08692143205553293,0.1377946063876152
odd_even,8,15,kronecker_binary,0.0878310976549983,0.10418520774692297,0.09945495147258043,0.09945495147258043,0.0878310976549983,0.10418520774692297
odd_even,8,15,ordinary_new,0.19725669734179974,0.19847279600799084,0.19967764988541603,0.19847279600799084,0.19725669734179974,0.19967764988541603
odd_even,8,16,ah_new,0.16393534000962973,0.17709895875304937,0.16713670827448368,0.16713670827448368,0.16393534000962973,0.17709895875304937
odd_even,8,16,fwht,0.08707195147871971,0.08511955570429564,0.0937920669093728,0.08707195147871971,0.08511955570429564,0.0937920669093728
odd_even,8,16,kronecker_binary,0.10577530413866043,0.11118424497544765,0.08866791427135468,0.10577530413866043,0.08866791427135468,0.11118424497544765
odd_even,8,16,ordinary_new,0.2305720169097185,0.20885556377470493,0.2091137422248721,0.2091137422248721,0.20885556377470493,0.2305720169097185
odd_even,8,23,ah_new,0.19869627989828587,0.20576938427984715,0.1981511591002345,0.19869627989828587,0.1981511591002345,0.20576938427984715
odd_even,8,23,fwht,0.09034847933799028,0.13503037486225367,0.08796383999288082,0.09034847933799028,0.08796383999288082,0.13503037486225367
odd_even,8,23,kronecker_binary,0.09176516439765692,0.088379992172122,0.08966015372425318,0.08966015372425318,0.088379992172122,0.09176516439765692
odd_even,8,23,ordinary_new,0.4000412495806813,0.3982355520129204,0.3849937068298459,0.3982355520129204,0.3849937068298459,0.4000412495806813
odd_even,8,24,ah_new,0.2167331501841545,0.21247903164476156,0.20448672026395798,0.21247903164476156,0.20448672026395798,0.2167331501841545
odd_even,8,24,fwht,0.08879293780773878,0.09082390647381544,0.09892882686108351,0.09082390647381544,0.08879293780773878,0.09892882686108351
odd_even,8,24,kronecker_binary,0.08790156338363886,0.08845712430775166,0.0891153933480382,0.08845712430775166,0.08790156338363886,0.0891153933480382
odd_even,8,24,ordinary_new,0.3360678721219301,0.3421335006132722,0.3471987880766392,0.3421335006132722,0.3360678721219301,0.3471987880766392
odd_even,8,31,ah_new,0.27431204821914434,0.2788169691339135,0.2962257210165262,0.2788169691339135,0.27431204821914434,0.2962257210165262
odd_even,8,31,fwht,0.10637517087161541,0.08630603086203337,0.0954288924112916,0.0954288924112916,0.08630603086203337,0.10637517087161541
odd_even,8,31,kronecker_binary,0.11476060841232538,0.08875921461731195,0.08811359852552414,0.08875921461731195,0.08811359852552414,0.11476060841232538
odd_even,8,31,ordinary_new,0.6894484460353851,0.6729336399585009,0.6637178333476186,0.6729336399585009,0.6637178333476186,0.6894484460353851
odd_even,8,32,ah_new,0.2972123837098479,0.28853896353393793,0.31234895065426826,0.2972123837098479,0.28853896353393793,0.31234895065426826
odd_even,8,32,fwht,0.0876649022102356,0.08666310086846352,0.08818796277046204,0.0876649022102356,0.08666310086846352,0.08818796277046204
odd_even,8,32,kronecker_binary,0.09509751666337252,0.09603782743215561,0.11017467081546783,0.09603782743215561,0.09509751666337252,0.11017467081546783
odd_even,8,32,ordinary_new,0.5405807681381702,0.5440694307908416,0.5398102831095457,0.5405807681381702,0.5398102831095457,0.5440694307908416
odd_even,16,3,ah_new,0.14418920036405325,0.14315152633935213,0.14131520222872496,0.14315152633935213,0.14131520222872496,0.14418920036405325
odd_even,16,3,fwht,0.21783233247697353,0.1918188687413931,0.18637182284146547,0.1918188687413931,0.18637182284146547,0.21783233247697353
odd_even,16,3,kronecker_binary,1.5076165609061718,1.5384517088532448,1.5094827329739928,1.5094827329739928,1.5076165609061718,1.5384517088532448
odd_even,16,3,ordinary_new,0.12903179414570332,0.12748265266418457,0.1285243146121502,0.1285243146121502,0.12748265266418457,0.12903179414570332
odd_even,16,4,ah_new,0.14439395535737276,0.14267420582473278,0.14422195684164762,0.14422195684164762,0.14267420582473278,0.14439395535737276
odd_even,16,4,fwht,0.223161525093019,0.22673673275858164,0.228362325578928,0.22673673275858164,0.223161525093019,0.228362325578928
odd_even,16,4,kronecker_binary,1.4906241726130247,1.4885352235287428,1.48294866271317,1.4885352235287428,1.48294866271317,1.4906241726130247
odd_even,16,4,ordinary_new,0.12941042333841324,0.12935772817581892,0.13195070158690214,0.12941042333841324,0.12935772817581892,0.13195070158690214
odd_even,16,7,ah_new,0.15146107785403728,0.16853948403149843,0.16116172540932894,0.16116172540932894,0.15146107785403728,0.16853948403149843
odd_even,16,7,fwht,0.3755482891574502,0.3628688445314765,0.3699297411367297,0.3699297411367297,0.3628688445314765,0.3755482891574502
odd_even,16,7,kronecker_binary,2.1468291264027357,2.137440144084394,2.1365704340860248,2.137440144084394,2.1365704340860248,2.1468291264027357
odd_even,16,7,ordinary_new,0.15018760412931442,0.14921638648957014,0.17042140197008848,0.15018760412931442,0.14921638648957014,0.17042140197008848
odd_even,16,8,ah_new,0.16223785001784563,0.18843630142509937,0.16411853954195976,0.16411853954195976,0.16223785001784563,0.18843630142509937
odd_even,16,8,fwht,0.4159265300258994,0.4176575094461441,0.4196625351905823,0.4176575094461441,0.4159265300258994,0.4196625351905823
odd_even,16,8,kronecker_binary,1.849553824402392,1.83637285977602,1.8366167079657316,1.8366167079657316,1.83637285977602,1.849553824402392
odd_even,16,8,ordinary_new,0.1657190779224038,0.16830697376281023,0.18619469739496708,0.16830697376281023,0.1657190779224038,0.18619469739496708
odd_even,16,15,ah_new,0.217227254062891,0.21828872058540583,0.21476668491959572,0.217227254062891,0.21476668491959572,0.21828872058540583
odd_even,16,15,fwht,0.7301716795191169,0.7244870262220502,0.7204677490517497,0.7244870262220502,0.7204677490517497,0.7301716795191169
odd_even,16,15,kronecker_binary,3.869315658695996,3.86293394677341,3.8685468481853604,3.8685468481853604,3.86293394677341,3.869315658695996
odd_even,16,15,ordinary_new,0.3706413097679615,0.36767820455133915,0.36374951526522636,0.36767820455133915,0.36374951526522636,0.3706413097679615
odd_even,16,16,ah_new,0.2363729877397418,0.23917861841619015,0.24003499653190374,0.23917861841619015,0.2363729877397418,0.24003499653190374
odd_even,16,16,fwht,0.7579321125522256,0.7683280557394028,0.7807735549286008,0.7683280557394028,0.7579321125522256,0.7807735549286008
odd_even,16,16,kronecker_binary,2.738859917037189,2.7449064841493964,2.7381850639358163,2.738859917037189,2.7381850639358163,2.7449064841493964
odd_even,16,16,ordinary_new,0.3248898033052683,0.3695173831656575,0.32557917665690184,0.32557917665690184,0.3248898033052683,0.3695173831656575
odd_even,16,23,ah_new,0.4067852133885026,0.4368786299601197,0.41435508616268635,0.41435508616268635,0.4067852133885026,0.4368786299601197
odd_even,16,23,fwht,1.0823246529325843,1.0751363318413496,1.1212352402508259,1.0823246529325843,1.0751363318413496,1.1212352402508259
odd_even,16,23,kronecker_binary,5.744483584538102,5.698039718903601,5.691372915171087,5.698039718903601,5.691372915171087,5.744483584538102
odd_even,16,23,ordinary_new,1.0275928238406777,1.0241836849600077,1.0396949294954538,1.0275928238406777,1.0241836849600077,1.0396949294954538
odd_even,16,24,ah_new,0.4511819342151284,0.4671011893078685,0.46452528331428766,0.46452528331428766,0.4511819342151284,0.4671011893078685
odd_even,16,24,fwht,1.1347159706056118,1.1194732822477818,1.140614565461874,1.1347159706056118,1.1194732822477818,1.140614565461874
odd_even,16,24,kronecker_binary,5.169139472767711,5.164308520965278,5.20085065625608,5.169139472767711,5.164308520965278,5.20085065625608
odd_even,16,24,ordinary_new,0.6966375755146146,0.7063469029963017,0.7061451021581888,0.7061451021581888,0.6966375755146146,0.7063469029963017
odd_even,16,31,ah_new,0.9135197196155787,0.9190277867019176,0.9231613827869296,0.9190277867019176,0.9135197196155787,0.9231613827869296
odd_even,16,31,fwht,1.4660598151385784,1.4645913485437632,1.4511158848181367,1.4645913485437632,1.4511158848181367,1.4660598151385784
odd_even,16,31,kronecker_binary,8.953521463088691,8.835003430955112,8.709338563494384,8.835003430955112,8.709338563494384,8.953521463088691
odd_even,16,31,ordinary_new,2.651510862633586,2.6293135853484273,2.6404839772731066,2.6404839772731066,2.6293135853484273,2.651510862633586
odd_even,16,32,ah_new,1.0266902791336179,1.0116695715114474,1.0085967034101486,1.0116695715114474,1.0085967034101486,1.0266902791336179
odd_even,16,32,fwht,1.509353168308735,1.5164661705493927,1.5075011244043708,1.509353168308735,1.5075011244043708,1.5164661705493927
odd_even,16,32,kronecker_binary,5.300508459098637,5.256364390254021,5.232425837777555,5.256364390254021,5.232425837777555,5.300508459098637
odd_even,16,32,ordinary_new,1.4652821915224195,1.4541578087955713,1.4509356524795294,1.4541578087955713,1.4509356524795294,1.4652821915224195
six_case,8,16,ah_block_second,0.09833167493343353,0.0972016965970397,0.09737064503133297,0.09737064503133297,0.0972016965970397,0.09833167493343353
six_case,8,16,ordinary_int,0.13037351053208113,0.13363744225353003,0.13468421064317226,0.13363744225353003,0.13037351053208113,0.13468421064317226
six_case,8,24,ah_block_second,0.13243793044239283,0.13273924123495817,0.1340466756373644,0.13273924123495817,0.13243793044239283,0.1340466756373644
six_case,8,24,ordinary_int,0.2600879790261388,0.2596018062904477,0.2613093499094248,0.2600879790261388,0.2596018062904477,0.2613093499094248
six_case,8,32,ah_block_second,0.21185417380183935,0.21215591579675674,0.21236084401607513,0.21215591579675674,0.21185417380183935,0.21236084401607513
six_case,8,32,ordinary_int,0.4509189836680889,0.44920129980891943,0.4493655627593398,0.4493655627593398,0.44920129980891943,0.4509189836680889
six_case,16,16,ah_block_second,0.16464944928884506,0.1644232915714383,0.16477188933640718,0.16464944928884506,0.1644232915714383,0.16477188933640718
six_case,16,16,ordinary_int,0.24624704848974943,0.24922763835638762,0.2499292716383934,0.24922763835638762,0.24624704848974943,0.2499292716383934
six_case,16,24,ah_block_second,0.3664117995649576,0.36573382280766964,0.36651656217873096,0.3664117995649576,0.36573382280766964,0.36651656217873096
six_case,16,24,ordinary_int,0.5974514940753579,0.6028405483812094,0.6021554656326771,0.6021554656326771,0.5974514940753579,0.6028405483812094
six_case,16,32,ah_block_second,0.8739605285227299,0.8746969243511558,0.8706195866689086,0.8739605285227299,0.8706195866689086,0.8746969243511558
six_case,16,32,ordinary_int,1.3041312135756016,1.301303812302649,1.3027706323191524,1.3027706323191524,1.301303812302649,1.3041312135756016
